2020-07-17 23:57:48 -04,130,14.1,74,980,35,3.84000,270.00000,0.00000
2020-07-17 23:58:11 -04,131,14.1,73,980,29,0.48000,180.00000,0.00000
2020-07-17 23:58:35 -04,132,14.1,73,980,35,1.44000,135.00000,0.00000
2020-07-17 23:58:59 -04,133,14.1,73,980,29,2.40000,225.00000,0.00000
2020-07-17 23:59:23 -04,134,14.1,73,980,36,1.92000,45.00000,0.00000
2020-07-17 23:59:47 -04,135,14.1,73,980,36,1.92000,225.00000,0.00000
2020-07-18 00:00:11 -04,136,14.1,73,980,36,1.44000,180.00000,0.00000
2020-07-18 00:00:35 -04,137,14.1,73,980,36,0.48000,0.00000,0.00000
2020-07-18 00:01:00 -04,138,14.1,73,980,37,1.44000,45.00000,0.00000
2020-07-18 00:01:24 -04,139,14.1,73,980,29,0.48000,0.00000,0.27940
2020-07-18 00:01:48 -04,140,14.1,73,980,36,1.92000,0.00000,0.27940
2020-07-18 00:02:12 -04,141,14.1,73,980,36,2.40000,90.00000,0.27940
2020-07-18 00:02:40 -04,142,14.1,73,980,36,1.44000,90.00000,0.27940
2020-07-18 00:02:58 -04,143,14.1,73,980,36,1.92000,135.00000,0.27940
2020-07-18 00:03:24 -04,144,14.1,73,980,37,0.96000,180.00000,0.27940
2020-07-18 00:03:48 -04,145,14.1,73,980,36,0.48000,135.00000,0.27940
2020-07-18 00:04:12 -04,146,14.1,73,980,37,2.40000,180.00000,0.27940
2020-07-18 00:04:32 -04,147,14.1,73,980,37,0.96000,0.00000,0.27940
2020-07-18 00:04:56 -04,148,14.1,73,980,36,1.44000,315.00000,0.27940
2020-07-18 00:05:20 -04,149,14.1,73,980,37,2.40000,90.00000,0.27940
2020-07-18 00:05:44 -04,150,14.1,73,980,37,1.44000,315.00000,0.27940
2020-07-18 00:06:08 -04,151,14.1,73,980,37,2.40000,45.00000,0.27940
2020-07-18 00:06:32 -04,152,14.1,73,980,37,1.92000,90.00000,0.27940
2020-07-18 00:06:56 -04,153,14.1,73,980,37,1.92000,135.00000,0.27940
2020-07-18 00:07:20 -04,154,14.1,73,980,37,1.92000,180.00000,0.27940
2020-07-18 00:07:44 -04,155,14.1,73,980,36,1.44000,45.00000,0.27940
2020-07-18 00:08:08 -04,156,14.1,73,980,36,0.48000,180.00000,0.27940
2020-07-18 00:08:32 -04,157,14.0,73,980,36,2.40000,0.00000,0.27940
2020-07-18 00:08:55 -04,158,14.0,73,980,37,1.92000,0.00000,0.27940
2020-07-18 00:09:20 -04,159,14.0,73,980,34,1.92000,315.00000,0.27940
2020-07-18 00:09:43 -04,160,14.1,73,980,37,2.88000,315.00000,0.27940
2020-07-18 00:10:08 -04,161,14.0,73,980,37,1.44000,45.00000,0.27940
2020-07-18 00:10:31 -04,162,14.0,73,980,30,0.48000,135.00000,0.27940
2020-07-18 00:10:55 -04,163,14.0,73,980,37,0.48000,180.00000,0.27940
2020-07-18 00:11:19 -04,164,14.0,73,980,37,1.44000,90.00000,0.27940
2020-07-18 00:11:43 -04,165,14.0,73,980,37,1.44000,315.00000,0.27940
2020-07-18 00:12:07 -04,166,14.0,73,980,37,1.92000,90.00000,0.27940
2020-07-18 00:12:32 -04,167,14.0,73,980,37,2.88000,225.00000,0.27940
2020-07-18 00:12:56 -04,168,14.0,73,980,37,2.88000,180.00000,0.27940
2020-07-18 00:13:20 -04,169,14.0,73,980,37,1.92000,270.00000,0.27940
2020-07-18 00:13:44 -04,170,14.0,73,980,37,0.96000,225.00000,0.27940
2020-07-18 00:14:08 -04,171,14.0,73,980,30,2.40000,180.00000,0.27940
2020-07-18 00:14:32 -04,172,14.0,73,980,37,0.00000,315.00000,0.27940
2020-07-18 00:14:56 -04,173,14.0,73,980,37,2.88000,135.00000,0.27940
2020-07-18 00:15:21 -04,174,14.0,73,980,29,0.48000,135.00000,0.27940
2020-07-18 00:15:45 -04,175,14.1,73,980,37,1.44000,135.00000,0.27940
2020-07-18 00:16:09 -04,176,14.0,73,980,37,1.44000,315.00000,0.27940
2020-07-18 00:16:33 -04,177,14.0,73,980,37,1.44000,90.00000,0.27940
2020-07-18 00:16:57 -04,178,14.0,73,980,37,1.44000,0.00000,0.27940
2020-07-18 00:17:21 -04,179,14.0,73,980,37,0.96000,180.00000,0.27940
2020-07-18 00:17:45 -04,180,14.0,73,980,37,0.48000,90.00000,0.27940
2020-07-18 00:18:09 -04,181,14.0,73,980,37,0.48000,135.00000,0.27940
2020-07-18 00:18:34 -04,182,14.0,73,980,31,1.92000,225.00000,0.27940
2020-07-18 00:18:58 -04,183,14.0,73,980,37,1.92000,315.00000,0.27940
2020-07-18 00:19:22 -04,184,14.0,73,980,37,3.36000,45.00000,0.27940
2020-07-18 00:19:49 -04,185,14.0,73,980,37,0.96000,45.00000,0.27940
2020-07-18 00:20:08 -04,186,14.0,73,980,36,0.96000,315.00000,0.27940
2020-07-18 00:20:31 -04,187,14.0,73,980,29,1.44000,135.00000,0.27940
2020-07-18 00:20:55 -04,188,14.0,73,980,32,0.96000,225.00000,0.27940
2020-07-18 00:21:19 -04,189,14.1,73,980,29,3.36000,180.00000,0.27940
2020-07-18 00:21:44 -04,190,14.1,73,980,38,1.92000,45.00000,0.27940
2020-07-18 00:22:08 -04,191,14.0,73,980,37,1.92000,225.00000,0.27940
2020-07-18 00:22:33 -04,192,14.0,73,980,37,1.92000,90.00000,0.27940
2020-07-18 00:22:56 -04,193,14.0,73,980,37,0.96000,135.00000,0.27940
2020-07-18 00:23:21 -04,194,14.0,74,980,37,1.44000,315.00000,0.27940
2020-07-18 00:23:45 -04,195,14.0,73,980,37,0.96000,90.00000,0.27940
2020-07-18 00:24:09 -04,196,14.0,73,980,30,1.44000,180.00000,0.27940
2020-07-18 00:24:33 -04,197,14.0,73,980,34,1.92000,225.00000,0.27940
2020-07-18 00:24:57 -04,198,14.0,74,980,36,1.92000,90.00000,0.27940
2020-07-18 00:25:21 -04,199,14.0,74,980,36,1.44000,315.00000,0.27940
2020-07-18 00:25:44 -04,200,14.0,74,980,30,1.92000,90.00000,0.27940
2020-07-18 00:26:08 -04,201,14.0,74,980,28,0.96000,180.00000,0.27940
2020-07-18 00:26:32 -04,202,14.0,74,980,28,0.96000,135.00000,0.27940
2020-07-18 00:26:57 -04,203,14.0,74,980,28,1.44000,0.00000,0.27940
2020-07-18 00:27:21 -04,204,14.0,74,980,28,0.48000,45.00000,0.27940
2020-07-18 00:27:45 -04,205,14.0,74,980,29,0.96000,0.00000,0.27940
2020-07-18 00:28:09 -04,206,14.0,74,980,29,1.44000,45.00000,0.27940
2020-07-18 00:28:33 -04,207,14.0,74,980,29,0.96000,180.00000,0.27940
2020-07-18 00:28:57 -04,208,14.0,74,980,30,0.48000,90.00000,0.27940
2020-07-18 00:29:21 -04,209,14.0,74,980,30,0.96000,270.00000,0.27940
2020-07-18 00:29:45 -04,210,14.0,74,980,30,0.48000,135.00000,0.27940
2020-07-18 00:30:09 -04,211,14.0,74,980,30,0.96000,225.00000,0.27940
2020-07-18 00:30:33 -04,212,14.0,74,980,30,0.48000,225.00000,0.27940
2020-07-18 00:30:57 -04,213,14.0,74,980,30,0.96000,135.00000,0.27940
2020-07-18 00:31:21 -04,214,14.0,74,980,30,1.44000,45.00000,0.27940
2020-07-18 00:31:46 -04,215,14.0,74,980,30,0.48000,45.00000,0.27940
2020-07-18 00:32:10 -04,216,14.0,74,980,30,0.48000,0.00000,0.27940
2020-07-18 00:32:34 -04,217,14.0,74,980,30,0.48000,45.00000,0.27940
2020-07-18 00:32:59 -04,218,14.0,74,980,30,1.44000,135.00000,0.27940
2020-07-18 00:33:23 -04,219,14.0,74,980,30,0.48000,315.00000,0.27940
2020-07-18 00:33:45 -04,220,14.0,74,980,30,0.00000,135.00000,0.27940
2020-07-18 00:34:13 -04,221,14.0,74,980,30,1.92000,225.00000,0.27940
2020-07-18 00:34:32 -04,222,14.0,74,980,30,1.44000,180.00000,0.27940
2020-07-18 00:34:59 -04,223,14.0,74,980,29,0.48000,90.00000,0.27940
2020-07-18 00:35:17 -04,224,14.0,74,980,30,1.92000,315.00000,0.27940
2020-07-18 00:35:41 -04,225,14.0,74,980,30,1.92000,0.00000,0.27940
2020-07-18 00:36:05 -04,226,14.0,73,980,30,1.44000,315.00000,0.27940
2020-07-18 00:36:31 -04,227,13.9,74,980,30,0.96000,135.00000,0.27940
2020-07-18 00:36:49 -04,228,13.9,74,980,30,1.92000,180.00000,0.27940
2020-07-18 00:37:36 -04,229,13.9,74,980,30,2.40000,225.00000,0.27940
2020-07-18 00:38:00 -04,230,13.9,74,980,29,0.48000,315.00000,0.27940
2020-07-18 00:38:25 -04,231,13.9,74,980,29,1.44000,0.00000,0.27940
2020-07-18 00:38:49 -04,232,13.9,74,980,29,1.44000,180.00000,0.27940
2020-07-18 00:39:14 -04,233,13.9,74,980,29,1.44000,315.00000,0.27940
2020-07-18 00:39:37 -04,234,13.9,74,980,30,1.44000,315.00000,0.27940
2020-07-18 00:40:02 -04,235,13.9,74,980,30,0.96000,45.00000,0.27940
2020-07-18 00:40:25 -04,236,13.9,74,980,30,1.92000,180.00000,0.27940
2020-07-18 00:40:50 -04,237,13.9,74,980,29,0.48000,180.00000,0.27940
2020-07-18 00:41:14 -04,238,13.9,74,980,29,1.92000,225.00000,0.27940
2020-07-18 00:41:38 -04,239,13.8,74,980, 0,0.96000,90.00000,0.27940
2020-07-18 00:42:02 -04,240,13.8,74,980, 0,0.96000,135.00000,0.27940
2020-07-18 00:42:27 -04,241,13.8,74,980, 0,0.48000,135.00000,0.27940
2020-07-18 00:42:50 -04,242,13.8,74,980, 0,0.96000,0.00000,0.27940
2020-07-18 00:43:14 -04,243,13.8,74,980, 0,2.40000,270.00000,0.27940
2020-07-18 00:43:38 -04,244,13.8,74,980, 0,2.40000,315.00000,0.27940
2020-07-18 00:44:02 -04,245,13.8,74,980, 0,0.96000,90.00000,0.27940
2020-07-18 00:44:26 -04,246,13.8,74,980, 0,1.92000,90.00000,0.27940
2020-07-18 00:44:50 -04,247,13.8,74,980, 0,2.88000,0.00000,0.55880
2020-07-18 00:45:14 -04,248,13.8,74,980, 0,1.44000,45.00000,0.55880
2020-07-18 00:45:38 -04,249,13.8,75,980, 0,1.44000,90.00000,0.55880
2020-07-18 00:46:02 -04,250,13.8,75,980, 0,2.88000,315.00000,0.55880
2020-07-18 00:46:26 -04,251,13.8,74,980, 0,0.96000,135.00000,0.55880
2020-07-18 00:46:50 -04,252,13.8,74,980, 0,0.96000,45.00000,0.55880
2020-07-18 00:47:14 -04,253,13.8,75,980, 0,0.96000,90.00000,0.55880
2020-07-18 00:47:38 -04,254,13.8,74,980, 0,1.44000,90.00000,0.55880
2020-07-18 00:48:02 -04,255,13.8,74,980, 0,0.48000,180.00000,0.55880
2020-07-18 00:48:26 -04,256,13.7,75,980, 0,0.96000,225.00000,0.55880
2020-07-18 00:48:53 -04,257,13.7,75,980, 0,1.44000,315.00000,0.55880
2020-07-18 00:49:11 -04,258,13.7,75,980, 0,1.92000,270.00000,0.55880
2020-07-18 00:49:38 -04,259,13.7,74,980, 0,1.44000,45.00000,0.55880
2020-07-18 00:49:57 -04,260,13.7,75,980, 0,0.96000,180.00000,0.55880
2020-07-18 00:50:20 -04,261,13.7,75,980, 0,1.92000,45.00000,0.55880
2020-07-18 00:50:45 -04,262,13.7,75,980, 1,1.44000,270.00000,0.55880
2020-07-18 00:51:09 -04,263,13.7,75,980, 0,0.96000,225.00000,0.55880
2020-07-18 00:51:33 -04,264,13.8,75,980, 0,3.36000,270.00000,0.55880
2020-07-18 00:51:57 -04,265,13.8,75,980, 0,0.96000,225.00000,0.55880
2020-07-18 00:52:21 -04,266,13.7,75,980, 0,1.92000,135.00000,0.55880
2020-07-18 00:52:45 -04,267,13.7,75,980, 0,1.44000,45.00000,0.55880
2020-07-18 00:53:09 -04,268,13.7,75,980, 0,2.40000,90.00000,0.55880
2020-07-18 00:53:33 -04,269,13.7,75,980, 0,0.48000,45.00000,0.55880
2020-07-18 00:53:57 -04,270,13.7,75,980, 0,0.96000,270.00000,0.55880
2020-07-18 00:54:21 -04,271,13.7,75,980, 0,2.88000,0.00000,0.55880
2020-07-18 00:54:45 -04,272,13.7,75,980, 0,0.96000,135.00000,0.55880
2020-07-18 00:55:09 -04,273,13.7,75,980, 0,2.40000,45.00000,0.55880
2020-07-18 00:55:33 -04,274,13.7,75,980, 0,1.44000,135.00000,0.55880
2020-07-18 00:55:57 -04,275,13.7,75,980, 0,0.48000,135.00000,0.55880
2020-07-18 00:56:21 -04,276,13.7,75,980, 0,1.44000,90.00000,0.55880
2020-07-18 00:56:45 -04,277,13.7,75,980, 0,3.84000,90.00000,0.55880
2020-07-18 00:57:09 -04,278,13.7,75,980, 0,1.44000,135.00000,0.55880
2020-07-18 00:57:33 -04,279,13.7,75,980, 0,1.92000,315.00000,0.55880
2020-07-18 00:57:57 -04,280,13.7,75,980, 0,1.92000,135.00000,0.55880
2020-07-18 00:58:20 -04,281,13.7,75,980, 0,0.48000,135.00000,0.55880
2020-07-18 00:58:44 -04,282,13.7,75,980, 0,2.88000,45.00000,0.55880
2020-07-18 00:59:08 -04,283,13.7,75,980, 0,1.92000,135.00000,0.55880
2020-07-18 00:59:32 -04,284,13.7,75,980, 0,0.48000,45.00000,0.55880
2020-07-18 00:59:56 -04,285,13.7,75,980, 0,2.88000,90.00000,0.55880
2020-07-18 01:00:19 -04,286,13.7,75,980, 0,1.92000,0.00000,0.55880
2020-07-18 01:00:43 -04,287,13.7,75,980, 0,1.92000,45.00000,0.55880
2020-07-18 01:01:07 -04,288,13.7,75,980, 0,1.44000,135.00000,0.55880
2020-07-18 01:01:31 -04,289,13.6,75,979, 0,0.96000,135.00000,0.55880
2020-07-18 01:01:55 -04,290,13.6,75,979, 0,1.44000,225.00000,0.55880
2020-07-18 01:02:19 -04,291,13.6,75,980, 0,0.96000,225.00000,0.55880
2020-07-18 01:02:43 -04,292,13.6,75,980, 0,1.92000,0.00000,0.55880
2020-07-18 01:03:07 -04,293,13.6,75,980, 0,0.96000,180.00000,0.55880
2020-07-18 01:03:31 -04,294,13.6,75,980, 0,2.40000,225.00000,0.55880
2020-07-18 01:03:54 -04,295,13.6,75,980, 0,1.92000,270.00000,0.55880
2020-07-18 01:04:18 -04,296,13.6,75,980, 0,0.48000,225.00000,0.55880
2020-07-18 01:04:43 -04,297,13.6,75,980, 0,0.48000,45.00000,0.55880
2020-07-18 01:05:06 -04,298,13.6,75,980, 0,0.96000,45.00000,0.55880
2020-07-18 01:05:30 -04,299,13.6,75,980, 0,1.44000,90.00000,0.55880
2020-07-18 01:05:54 -04,300,13.6,75,980, 0,1.92000,90.00000,0.55880
2020-07-18 01:06:18 -04,301,13.6,75,980, 0,1.44000,315.00000,0.55880
2020-07-18 01:06:42 -04,302,13.6,75,980, 0,0.96000,135.00000,0.55880
2020-07-18 01:07:06 -04,303,13.6,75,980, 0,0.96000,270.00000,0.55880
2020-07-18 01:07:33 -04,304,13.6,75,980, 0,1.44000,180.00000,0.55880
2020-07-18 01:07:53 -04,305,13.6,75,980, 0,3.84000,0.00000,0.55880
2020-07-18 01:08:20 -04,306,13.6,75,980, 0,0.48000,90.00000,0.55880
2020-07-18 01:08:40 -04,307,13.6,75,980, 0,0.96000,135.00000,0.55880
2020-07-18 01:08:59 -04,308,13.6,75,980, 0,0.96000,45.00000,0.55880
2020-07-18 01:09:28 -04,309,13.6,75,980, 0,1.92000,270.00000,0.55880
2020-07-18 01:09:49 -04,310,13.6,75,980, 0,0.96000,225.00000,0.55880
2020-07-18 01:10:09 -04,311,13.6,75,980, 0,0.48000,45.00000,0.55880
2020-07-18 01:10:27 -04,312,13.6,75,980, 0,0.96000,0.00000,0.55880
2020-07-18 01:10:52 -04,313,13.6,75,980, 0,1.44000,45.00000,0.55880
2020-07-18 01:11:18 -04,314,13.6,75,980, 0,0.96000,225.00000,0.55880
2020-07-18 01:11:38 -04,315,13.6,75,980, 0,1.44000,90.00000,0.55880
2020-07-18 01:11:57 -04,316,13.6,75,980, 0,2.40000,45.00000,0.55880
2020-07-18 01:12:24 -04,317,13.6,75,980, 0,2.40000,180.00000,0.55880
2020-07-18 01:12:44 -04,318,13.6,75,980, 0,0.48000,90.00000,0.55880
2020-07-18 01:13:05 -04,319,13.6,75,980, 0,0.96000,0.00000,0.55880
2020-07-18 01:13:25 -04,320,13.6,75,980, 0,0.00000,0.00000,0.55880
2020-07-18 01:13:47 -04,321,13.7,75,980, 0,0.96000,135.00000,0.55880
2020-07-18 01:14:05 -04,322,13.7,75,980, 0,1.92000,135.00000,0.55880
2020-07-18 01:14:29 -04,323,13.7,75,980, 0,0.00000,135.00000,0.55880
2020-07-18 01:14:54 -04,324,13.7,75,980, 0,2.88000,0.00000,0.55880
2020-07-18 01:15:18 -04,325,13.7,75,980, 0,0.96000,180.00000,0.55880
2020-07-18 01:15:42 -04,326,13.7,75,980, 0,1.44000,135.00000,0.55880
2020-07-18 01:16:05 -04,327,13.7,75,980, 0,1.92000,135.00000,0.55880
2020-07-18 01:16:30 -04,328,13.7,75,980, 0,1.92000,315.00000,0.55880
2020-07-18 01:16:54 -04,329,13.7,75,980, 0,1.92000,0.00000,0.55880
2020-07-18 01:17:18 -04,330,13.7,75,980, 0,1.92000,135.00000,0.55880
2020-07-18 01:17:42 -04,331,13.7,75,980, 0,0.96000,315.00000,0.55880
2020-07-18 01:18:05 -04,332,13.7,75,980, 0,0.96000,0.00000,0.55880
2020-07-18 01:18:30 -04,333,13.7,75,980, 0,0.48000,135.00000,0.55880
2020-07-18 01:18:54 -04,334,13.7,75,980, 0,0.96000,90.00000,0.55880
2020-07-18 01:19:17 -04,335,13.7,75,980, 0,0.96000,90.00000,0.55880
2020-07-18 01:19:41 -04,336,13.7,75,980, 0,0.96000,180.00000,0.55880
2020-07-18 01:20:05 -04,337,13.7,75,980, 0,1.44000,270.00000,0.55880
2020-07-18 01:20:29 -04,338,13.7,75,980, 0,1.44000,225.00000,0.55880
2020-07-18 01:20:53 -04,339,13.7,75,980, 0,1.44000,0.00000,0.55880
2020-07-18 01:21:17 -04,340,13.7,75,980, 0,0.96000,45.00000,0.55880
2020-07-18 01:21:42 -04,341,13.7,75,980, 0,0.96000,0.00000,0.55880
2020-07-18 01:22:08 -04,342,13.7,75,980, 0,0.00000,90.00000,0.55880
2020-07-18 01:22:26 -04,343,13.7,75,980, 0,0.48000,135.00000,0.55880
2020-07-18 01:22:50 -04,344,13.7,75,980, 0,0.48000,315.00000,0.55880
2020-07-18 01:23:14 -04,345,13.7,75,980, 0,0.48000,180.00000,0.55880
2020-07-18 01:23:38 -04,346,13.7,75,980, 0,0.00000,270.00000,0.55880
2020-07-18 01:24:02 -04,347,13.7,75,980, 0,0.48000,45.00000,0.55880
2020-07-18 01:24:25 -04,348,13.7,75,980, 0,0.48000,270.00000,0.55880
2020-07-18 01:24:49 -04,349,13.7,75,980, 0,0.96000,135.00000,0.55880
2020-07-18 01:25:13 -04,350,13.7,75,980, 0,1.44000,225.00000,0.55880
2020-07-18 01:25:37 -04,351,13.7,75,980, 0,1.44000,135.00000,0.55880
2020-07-18 01:26:01 -04,352,13.7,75,980, 0,0.48000,315.00000,0.55880
2020-07-18 01:26:25 -04,353,13.7,75,980, 0,0.48000,0.00000,0.55880
2020-07-18 01:26:49 -04,354,13.7,75,980, 0,0.96000,180.00000,0.55880
2020-07-18 01:27:13 -04,355,13.7,75,980, 0,0.48000,270.00000,0.55880
2020-07-18 01:27:37 -04,356,13.7,75,980, 0,2.40000,0.00000,0.55880
2020-07-18 01:28:00 -04,357,13.7,75,980, 0,2.40000,45.00000,0.55880
2020-07-18 01:28:27 -04,358,13.7,75,980, 0,1.44000,315.00000,0.55880
2020-07-18 01:28:45 -04,359,13.7,75,980, 0,1.44000,180.00000,0.55880
2020-07-18 01:29:09 -04,360,13.7,75,980, 0,0.96000,45.00000,0.55880
2020-07-18 01:29:33 -04,361,13.7,75,980, 0,1.44000,180.00000,0.55880
2020-07-18 01:29:57 -04,362,13.7,75,980, 0,1.92000,0.00000,0.55880
2020-07-18 01:30:21 -04,363,13.7,75,980, 0,1.92000,45.00000,0.55880
2020-07-18 01:30:45 -04,364,13.7,75,980, 0,0.96000,315.00000,0.55880
2020-07-18 01:31:11 -04,365,13.7,75,980, 0,1.44000,45.00000,0.55880
2020-07-18 01:31:30 -04,366,13.7,75,980, 0,0.00000,135.00000,0.55880
2020-07-18 01:31:54 -04,367,13.7,75,980, 0,1.44000,45.00000,0.55880
2020-07-18 01:32:18 -04,368,13.7,75,980, 0,1.92000,45.00000,0.55880
2020-07-18 01:32:42 -04,369,13.7,75,980, 0,1.44000,90.00000,0.55880
2020-07-18 01:33:05 -04,370,13.7,75,980, 0,0.96000,225.00000,0.55880
2020-07-18 01:33:29 -04,371,13.7,75,980, 0,1.44000,45.00000,0.55880
2020-07-18 01:33:53 -04,372,13.7,75,980, 0,1.44000,225.00000,0.55880
2020-07-18 01:34:17 -04,373,13.7,75,980, 0,1.92000,135.00000,0.55880
2020-07-18 01:34:40 -04,374,13.7,75,980, 0,0.00000,90.00000,0.55880
2020-07-18 01:35:04 -04,375,13.7,75,980, 0,0.00000,0.00000,0.55880
2020-07-18 01:35:28 -04,376,13.7,75,980, 0,0.48000,180.00000,0.55880
2020-07-18 01:35:52 -04,377,13.7,75,980, 0,0.48000,135.00000,0.55880
2020-07-18 01:36:16 -04,378,13.7,75,980, 0,0.00000,0.00000,0.55880
2020-07-18 01:36:40 -04,379,13.7,75,980, 0,0.96000,180.00000,0.55880
2020-07-18 01:37:04 -04,380,13.7,75,980, 0,0.96000,270.00000,0.55880
2020-07-18 01:37:28 -04,381,13.7,75,980, 0,0.96000,270.00000,0.55880
2020-07-18 01:37:52 -04,382,13.7,75,980, 0,0.48000,225.00000,0.55880
2020-07-18 01:38:15 -04,383,13.7,75,980, 0,1.92000,225.00000,0.55880
2020-07-18 01:38:39 -04,384,13.7,75,980, 0,0.96000,315.00000,0.55880
2020-07-18 01:39:03 -04,385,13.8,75,980, 0,0.48000,45.00000,0.55880
2020-07-18 01:39:27 -04,386,13.7,75,980, 0,0.96000,135.00000,0.55880
2020-07-18 01:39:51 -04,387,13.7,75,980, 0,1.44000,135.00000,0.55880
2020-07-18 01:40:15 -04,388,13.7,75,980, 0,0.00000,45.00000,0.55880
2020-07-18 01:40:39 -04,389,13.7,75,980, 0,0.48000,315.00000,0.55880
2020-07-18 01:41:03 -04,390,13.7,75,980, 0,0.00000,45.00000,0.55880
2020-07-18 01:41:27 -04,391,13.7,75,980, 0,0.48000,180.00000,0.55880
2020-07-18 01:41:51 -04,392,13.8,75,980, 0,0.48000,180.00000,0.55880
2020-07-18 01:42:14 -04,393,13.8,75,980, 0,0.48000,315.00000,0.55880
2020-07-18 01:42:39 -04,394,13.8,75,980, 0,0.96000,225.00000,0.55880
2020-07-18 01:43:02 -04,395,13.7,75,980, 0,0.96000,90.00000,0.55880
2020-07-18 01:43:26 -04,396,13.8,75,980, 0,0.00000,225.00000,0.55880
2020-07-18 01:43:54 -04,397,13.8,75,980, 0,0.48000,45.00000,0.55880
2020-07-18 01:44:13 -04,398,13.7,75,980, 0,1.44000,135.00000,0.55880
2020-07-18 01:44:40 -04,399,13.8,75,980, 0,0.00000,90.00000,0.55880
2020-07-18 01:45:00 -04,400,13.8,75,980, 0,0.00000,225.00000,0.55880
2020-07-18 01:45:21 -04,401,13.8,75,980, 0,0.00000,135.00000,0.55880
2020-07-18 01:45:43 -04,402,13.8,75,980, 0,0.48000,225.00000,0.55880
2020-07-18 01:46:03 -04,403,13.8,75,980, 0,0.48000,135.00000,0.55880
2020-07-18 01:46:26 -04,404,13.8,75,980, 0,1.44000,180.00000,0.55880
2020-07-18 01:46:50 -04,405,13.8,75,980, 0,2.88000,45.00000,0.55880
2020-07-18 01:47:14 -04,406,13.8,75,980, 0,1.92000,225.00000,0.55880
2020-07-18 01:47:38 -04,407,13.8,75,980, 0,0.48000,225.00000,0.55880
2020-07-18 01:48:01 -04,408,13.8,75,980, 0,0.96000,45.00000,0.55880
2020-07-18 01:48:25 -04,409,13.8,75,980, 0,1.44000,90.00000,0.55880
2020-07-18 01:48:49 -04,410,13.8,75,980, 0,0.48000,0.00000,0.55880
2020-07-18 01:49:13 -04,411,13.8,75,980, 0,0.96000,90.00000,0.55880
2020-07-18 01:49:37 -04,412,13.8,75,980, 0,1.44000,45.00000,0.55880
2020-07-18 01:50:01 -04,413,13.8,75,980, 0,0.48000,90.00000,0.55880
2020-07-18 01:50:25 -04,414,13.8,75,980, 0,0.00000,270.00000,0.55880
2020-07-18 01:50:49 -04,415,13.8,75,980, 0,0.48000,135.00000,0.55880
2020-07-18 01:51:13 -04,416,13.8,75,980, 0,0.48000,180.00000,0.55880
2020-07-18 01:51:37 -04,417,13.8,75,980, 0,0.48000,315.00000,0.55880
2020-07-18 01:52:02 -04,418,13.8,75,980, 0,0.00000,135.00000,0.55880
2020-07-18 01:52:26 -04,419,13.8,75,980, 0,0.96000,135.00000,0.55880
2020-07-18 01:52:50 -04,420,13.8,75,980, 0,0.48000,0.00000,0.55880
2020-07-18 01:53:13 -04,421,13.8,75,979, 0,2.40000,135.00000,0.55880
2020-07-18 01:53:37 -04,422,13.8,75,979, 0,0.48000,180.00000,0.55880
2020-07-18 01:54:01 -04,423,13.8,75,979, 0,0.48000,180.00000,0.55880
2020-07-18 01:54:25 -04,424,13.8,75,979, 0,0.00000,0.00000,0.55880
2020-07-18 01:54:48 -04,425,13.8,75,979, 0,0.48000,45.00000,0.55880
2020-07-18 01:55:13 -04,426,13.8,75,979, 0,0.48000,135.00000,0.55880
2020-07-18 01:55:36 -04,427,13.8,75,979, 0,0.96000,180.00000,0.55880
2020-07-18 01:56:01 -04,428,13.8,75,979, 0,1.44000,225.00000,0.55880
2020-07-18 01:56:24 -04,429,13.8,75,979, 0,1.92000,45.00000,0.55880
2020-07-18 01:56:48 -04,430,13.8,75,979, 0,0.00000,90.00000,0.55880
2020-07-18 01:57:12 -04,431,13.8,75,979, 0,0.48000,225.00000,0.55880
2020-07-18 01:57:36 -04,432,13.8,75,979, 0,0.96000,180.00000,0.55880
2020-07-18 01:58:00 -04,433,13.8,75,979, 0,0.48000,225.00000,0.55880
2020-07-18 01:58:24 -04,434,13.8,75,979, 0,1.44000,90.00000,0.55880
2020-07-18 01:58:48 -04,435,13.8,75,979, 0,0.00000,90.00000,0.55880
2020-07-18 01:59:12 -04,436,13.9,75,979, 0,1.44000,180.00000,0.55880
2020-07-18 01:59:35 -04,437,13.8,75,979, 0,0.96000,180.00000,0.55880
2020-07-18 02:00:00 -04,438,13.8,75,979, 0,0.48000,315.00000,0.55880
2020-07-18 02:00:23 -04,439,13.8,75,979, 0,0.96000,315.00000,0.55880
2020-07-18 02:00:47 -04,440,13.8,75,979, 0,0.00000,180.00000,0.55880
2020-07-18 02:01:11 -04,441,13.8,75,979, 0,0.96000,225.00000,0.55880
2020-07-18 02:01:35 -04,442,13.9,75,979, 0,0.48000,135.00000,0.55880
2020-07-18 02:01:59 -04,443,13.9,75,979, 0,1.44000,135.00000,0.55880
2020-07-18 02:02:23 -04,444,13.9,75,979, 0,0.96000,180.00000,0.55880
2020-07-18 02:02:47 -04,445,13.9,75,979, 0,0.00000,90.00000,0.55880
2020-07-18 02:03:11 -04,446,13.9,75,979, 0,0.96000,315.00000,0.55880
2020-07-18 02:03:35 -04,447,13.9,75,979, 0,1.44000,270.00000,0.55880
2020-07-18 02:03:59 -04,448,13.9,75,979, 0,1.44000,135.00000,0.55880
2020-07-18 02:04:22 -04,449,13.9,75,979, 0,0.48000,0.00000,0.55880
2020-07-18 02:04:46 -04,450,13.9,75,979, 0,0.48000,180.00000,0.55880
2020-07-18 02:05:10 -04,451,13.9,75,979, 0,0.48000,225.00000,0.55880
2020-07-18 02:05:34 -04,452,13.9,75,979, 0,0.00000,45.00000,0.83820
2020-07-18 02:05:58 -04,453,13.9,75,979, 0,1.44000,315.00000,0.83820
2020-07-18 02:06:22 -04,454,13.9,75,979, 0,1.92000,0.00000,0.83820
2020-07-18 02:06:46 -04,455,13.8,75,979, 0,0.96000,90.00000,0.83820
2020-07-18 02:07:10 -04,456,13.8,75,979, 0,0.96000,90.00000,0.83820
2020-07-18 02:07:34 -04,457,13.8,75,979, 0,0.00000,270.00000,0.83820
2020-07-18 02:07:58 -04,458,13.8,75,979, 0,0.48000,90.00000,0.83820
2020-07-18 02:08:21 -04,459,13.8,75,979, 0,1.92000,45.00000,0.83820
2020-07-18 02:08:45 -04,460,13.8,75,979, 0,0.96000,45.00000,0.83820
2020-07-18 02:09:09 -04,461,13.8,75,979, 0,1.92000,45.00000,0.83820
2020-07-18 02:09:33 -04,462,13.8,75,979, 0,0.48000,135.00000,0.83820
2020-07-18 02:09:57 -04,463,13.8,75,979, 0,1.44000,90.00000,0.83820
2020-07-18 02:10:21 -04,464,13.8,75,979, 0,0.00000,225.00000,0.83820
2020-07-18 02:10:45 -04,465,13.8,75,979, 0,0.96000,45.00000,0.83820
2020-07-18 02:11:09 -04,466,13.8,75,979, 0,0.00000,180.00000,0.83820
2020-07-18 02:11:33 -04,467,13.8,75,979, 0,0.96000,90.00000,0.83820
2020-07-18 02:11:57 -04,468,13.8,75,979, 0,1.44000,225.00000,0.83820
2020-07-18 02:12:21 -04,469,13.8,75,979, 0,0.48000,270.00000,0.83820
2020-07-18 02:12:45 -04,470,13.8,75,979, 0,1.92000,90.00000,0.83820
2020-07-18 02:13:09 -04,471,13.8,75,979, 0,0.96000,225.00000,0.83820
2020-07-18 02:13:33 -04,472,13.8,75,979, 0,0.96000,180.00000,0.83820
2020-07-18 02:13:57 -04,473,13.8,75,979, 0,0.96000,315.00000,0.83820
2020-07-18 02:14:21 -04,474,13.8,75,979, 0,1.92000,180.00000,0.83820
2020-07-18 02:14:45 -04,475,13.8,75,979, 0,0.96000,225.00000,0.83820
2020-07-18 02:15:09 -04,476,13.8,75,979, 0,1.44000,315.00000,0.83820
2020-07-18 02:15:33 -04,477,13.8,75,979, 0,0.48000,225.00000,0.83820
2020-07-18 02:15:57 -04,478,13.8,75,979, 0,1.44000,45.00000,0.83820
2020-07-18 02:16:21 -04,479,13.8,75,979, 0,0.48000,90.00000,0.83820
2020-07-18 02:16:45 -04,480,13.8,75,979, 0,1.44000,225.00000,0.83820
2020-07-18 02:17:08 -04,481,13.8,75,979, 0,0.00000,90.00000,0.83820
2020-07-18 02:17:32 -04,482,13.8,75,979, 0,0.00000,315.00000,0.83820
2020-07-18 02:17:56 -04,483,13.8,75,979, 0,0.00000,0.00000,0.83820
2020-07-18 02:18:20 -04,484,13.8,75,979, 0,0.00000,135.00000,0.83820
2020-07-18 02:18:44 -04,485,13.8,75,979, 0,0.48000,0.00000,0.83820
2020-07-18 02:19:08 -04,486,13.8,75,979, 0,0.48000,45.00000,0.83820
2020-07-18 02:19:32 -04,487,13.8,75,979, 0,1.44000,135.00000,0.83820
2020-07-18 02:19:56 -04,488,13.8,75,979, 0,0.48000,315.00000,0.83820
2020-07-18 02:20:20 -04,489,13.8,75,979, 0,0.00000,90.00000,0.83820
2020-07-18 02:20:44 -04,490,13.8,75,979, 0,0.00000,90.00000,0.83820
2020-07-18 02:21:08 -04,491,13.8,75,979, 0,0.00000,90.00000,0.83820
2020-07-18 02:21:32 -04,492,13.8,75,979, 0,0.48000,45.00000,0.83820
2020-07-18 02:21:56 -04,493,13.8,75,979, 0,0.96000,45.00000,0.83820
2020-07-18 02:22:20 -04,494,13.8,75,979, 0,0.00000,180.00000,0.83820
2020-07-18 02:22:44 -04,495,13.8,75,979, 0,2.40000,45.00000,0.83820
2020-07-18 02:23:07 -04,496,13.8,75,979, 0,0.48000,45.00000,0.83820
2020-07-18 02:23:31 -04,497,13.8,75,979, 0,0.48000,45.00000,0.83820
2020-07-18 02:23:55 -04,498,13.8,75,979, 0,0.96000,0.00000,0.83820
2020-07-18 02:24:19 -04,499,13.8,75,979, 0,0.00000,225.00000,1.11760
2020-07-18 02:24:43 -04,500,13.8,75,979, 0,0.00000,90.00000,1.11760
2020-07-18 02:25:07 -04,501,13.8,75,979, 0,1.92000,0.00000,1.11760
2020-07-18 02:25:31 -04,502,13.8,75,979, 0,0.48000,45.00000,1.11760
2020-07-18 02:25:54 -04,503,13.8,75,979, 0,0.48000,135.00000,1.11760
2020-07-18 02:26:18 -04,504,13.8,75,979, 0,0.00000,90.00000,1.11760
2020-07-18 02:26:42 -04,505,13.8,75,979, 0,2.40000,180.00000,1.11760
2020-07-18 02:27:06 -04,506,13.8,75,979, 0,0.96000,0.00000,1.39700
2020-07-18 02:27:29 -04,507,13.8,75,979, 0,1.44000,270.00000,1.39700
2020-07-18 02:27:53 -04,508,13.8,75,979, 0,0.96000,135.00000,1.39700
2020-07-18 02:28:17 -04,509,13.8,75,979, 0,0.48000,135.00000,1.39700
2020-07-18 02:28:41 -04,510,13.8,75,979, 0,0.48000,90.00000,1.39700
2020-07-18 02:29:05 -04,511,13.8,75,979, 0,0.96000,315.00000,1.39700
2020-07-18 02:29:28 -04,512,13.8,75,979, 0,0.00000,225.00000,1.39700
2020-07-18 02:29:53 -04,513,13.8,75,979, 0,0.00000,180.00000,1.39700
2020-07-18 02:30:17 -04,514,13.8,75,979, 0,0.48000,90.00000,1.39700
2020-07-18 02:30:41 -04,515,13.8,75,979, 0,0.48000,135.00000,1.39700
2020-07-18 02:31:05 -04,516,13.9,75,979, 0,0.00000,180.00000,1.39700
2020-07-18 02:31:29 -04,517,13.9,75,979, 0,0.48000,225.00000,1.39700
2020-07-18 02:31:53 -04,518,13.8,75,979, 0,1.44000,180.00000,1.39700
2020-07-18 02:32:17 -04,519,13.9,75,979, 0,0.00000,315.00000,1.39700
2020-07-18 02:32:41 -04,520,13.9,75,979, 0,0.48000,180.00000,1.39700
2020-07-18 02:33:04 -04,521,13.9,75,979, 0,0.48000,180.00000,1.39700
2020-07-18 02:33:28 -04,522,13.9,75,979, 0,1.44000,135.00000,1.39700
2020-07-18 02:33:52 -04,523,13.9,75,979, 0,0.00000,135.00000,1.39700
2020-07-18 02:34:16 -04,524,13.9,75,979, 0,0.48000,90.00000,1.39700
2020-07-18 02:34:40 -04,525,13.9,75,979, 0,1.44000,225.00000,1.39700
2020-07-18 02:35:03 -04,526,13.9,75,979, 0,0.48000,270.00000,1.39700
2020-07-18 02:35:27 -04,527,13.9,75,979, 0,0.96000,0.00000,1.39700
2020-07-18 02:35:51 -04,528,13.9,75,979, 0,0.00000,45.00000,1.39700
2020-07-18 02:36:15 -04,529,13.9,75,979, 0,0.48000,315.00000,1.39700
2020-07-18 02:36:39 -04,530,13.9,75,979, 0,0.00000,315.00000,1.39700
2020-07-18 02:37:03 -04,531,13.9,75,979, 0,0.00000,225.00000,1.39700
2020-07-18 02:37:27 -04,532,13.9,75,979, 0,0.00000,270.00000,1.39700
2020-07-18 02:37:51 -04,533,13.9,75,979, 0,0.00000,270.00000,1.39700
2020-07-18 02:38:15 -04,534,13.9,75,979, 0,0.00000,0.00000,1.39700
2020-07-18 02:38:39 -04,535,13.9,75,979, 0,0.00000,90.00000,1.39700
2020-07-18 02:39:03 -04,536,13.9,75,979, 0,0.00000,45.00000,1.39700
2020-07-18 02:39:27 -04,537,13.9,75,979, 0,0.48000,270.00000,1.39700
2020-07-18 02:39:50 -04,538,13.9,75,979, 0,0.48000,180.00000,1.39700
2020-07-18 02:40:14 -04,539,13.9,75,979, 0,0.00000,315.00000,1.39700
2020-07-18 02:40:38 -04,540,13.9,75,979, 0,0.00000,270.00000,1.39700
2020-07-18 02:41:02 -04,541,13.9,75,979, 0,0.48000,180.00000,1.39700
2020-07-18 02:41:26 -04,542,13.9,75,979, 0,0.00000,90.00000,1.39700
2020-07-18 02:41:50 -04,543,13.9,75,979, 0,0.48000,315.00000,1.39700
2020-07-18 02:42:14 -04,544,13.9,75,979, 0,0.48000,180.00000,1.39700
2020-07-18 02:42:38 -04,545,13.9,75,979, 0,0.96000,45.00000,1.39700
2020-07-18 02:43:02 -04,546,13.9,75,979, 0,0.48000,270.00000,1.39700
2020-07-18 02:43:26 -04,547,13.9,75,979, 0,0.00000,180.00000,1.39700
2020-07-18 02:43:50 -04,548,13.9,75,979, 0,0.96000,45.00000,1.39700
2020-07-18 02:44:14 -04,549,13.9,75,979, 0,0.00000,45.00000,1.39700
2020-07-18 02:44:39 -04,550,13.9,75,979, 0,0.00000,225.00000,1.39700
2020-07-18 02:45:03 -04,551,13.9,75,979, 0,0.96000,45.00000,1.39700
2020-07-18 02:45:26 -04,552,13.9,75,979, 0,0.48000,90.00000,1.39700
2020-07-18 02:45:50 -04,553,13.9,75,979, 0,0.48000,180.00000,1.39700
2020-07-18 02:46:14 -04,554,13.9,75,979, 0,0.48000,270.00000,1.39700
2020-07-18 02:46:38 -04,555,13.9,75,979, 0,0.96000,225.00000,1.39700
2020-07-18 02:47:02 -04,556,13.9,75,979, 0,1.44000,45.00000,1.39700
2020-07-18 02:47:25 -04,557,13.9,75,979, 0,1.44000,0.00000,1.39700
2020-07-18 02:47:49 -04,558,13.9,75,979, 0,0.96000,180.00000,1.39700
2020-07-18 02:48:13 -04,559,13.9,75,979, 0,0.96000,315.00000,1.39700
2020-07-18 02:48:37 -04,560,13.8,75,979, 0,0.00000,225.00000,1.39700
2020-07-18 02:49:02 -04,561,13.8,75,979, 0,0.48000,315.00000,1.39700
2020-07-18 02:49:25 -04,562,13.8,75,979, 0,0.00000,315.00000,1.39700
2020-07-18 02:49:49 -04,563,13.8,75,979, 0,0.00000,180.00000,1.39700
2020-07-18 02:50:13 -04,564,13.8,75,979, 0,0.00000,180.00000,1.39700
2020-07-18 02:50:37 -04,565,13.8,75,979, 0,0.48000,135.00000,1.39700
2020-07-18 02:51:00 -04,566,13.8,75,979, 0,1.92000,315.00000,1.39700
2020-07-18 02:51:24 -04,567,13.8,75,979, 0,1.92000,180.00000,1.39700
2020-07-18 02:51:48 -04,568,13.8,75,979, 0,1.92000,270.00000,1.39700
2020-07-18 02:52:12 -04,569,13.8,75,979, 0,0.48000,270.00000,1.39700
2020-07-18 02:52:36 -04,570,13.8,75,979, 0,0.96000,180.00000,1.39700
2020-07-18 02:53:00 -04,571,13.8,75,979, 0,1.44000,225.00000,1.39700
2020-07-18 02:53:23 -04,572,13.8,75,979, 0,1.44000,180.00000,1.39700
2020-07-18 02:53:47 -04,573,13.8,75,979, 0,0.48000,180.00000,1.39700
2020-07-18 02:54:11 -04,574,13.8,75,979, 0,0.48000,135.00000,1.39700
2020-07-18 02:54:35 -04,575,13.8,75,979, 0,0.96000,90.00000,1.39700
2020-07-18 02:54:59 -04,576,13.8,75,979, 0,1.44000,90.00000,1.39700
2020-07-18 02:55:22 -04,577,13.8,75,979, 0,1.44000,270.00000,1.39700
2020-07-18 02:55:46 -04,578,13.8,75,979, 0,0.00000,225.00000,1.39700
2020-07-18 02:56:10 -04,579,13.8,75,979, 0,0.96000,0.00000,1.39700
2020-07-18 02:56:34 -04,580,13.8,75,979, 0,0.96000,135.00000,1.39700
2020-07-18 02:56:58 -04,581,13.8,75,979, 0,0.48000,0.00000,1.39700
2020-07-18 02:57:22 -04,582,13.8,75,979, 0,1.44000,0.00000,1.39700
2020-07-18 02:57:46 -04,583,13.8,75,979, 0,0.96000,0.00000,1.39700
2020-07-18 02:58:10 -04,584,13.8,75,979, 0,0.96000,45.00000,1.39700
2020-07-18 02:58:34 -04,585,13.8,75,979, 0,0.96000,180.00000,1.39700
2020-07-18 02:58:58 -04,586,13.8,75,979, 0,0.00000,0.00000,1.39700
2020-07-18 02:59:22 -04,587,13.8,75,979, 0,0.48000,45.00000,1.39700
2020-07-18 02:59:45 -04,588,13.8,75,979, 0,0.96000,45.00000,1.39700
2020-07-18 03:00:09 -04,589,13.8,75,979, 0,0.00000,270.00000,1.39700
2020-07-18 03:00:33 -04,590,13.8,75,979, 0,0.00000,225.00000,1.39700
2020-07-18 03:00:57 -04,591,13.8,75,979, 0,0.48000,90.00000,1.39700
2020-07-18 03:01:21 -04,592,13.8,75,979, 0,0.48000,270.00000,1.39700
2020-07-18 03:01:45 -04,593,13.8,75,979, 0,0.48000,225.00000,1.39700
2020-07-18 03:02:09 -04,594,13.8,75,979, 0,0.48000,225.00000,1.39700
2020-07-18 03:02:33 -04,595,13.8,75,979, 0,0.96000,90.00000,1.39700
2020-07-18 03:02:57 -04,596,13.8,75,979, 0,0.96000,225.00000,1.39700
2020-07-18 03:03:20 -04,597,13.8,75,979, 0,0.48000,225.00000,1.39700
2020-07-18 03:03:45 -04,598,13.8,75,979, 0,1.44000,225.00000,1.39700
2020-07-18 03:04:08 -04,599,13.8,75,979, 0,0.96000,45.00000,1.39700
2020-07-18 03:04:32 -04,600,13.8,75,979, 0,0.96000,180.00000,1.39700
2020-07-18 03:04:56 -04,601,13.8,75,979, 0,1.44000,180.00000,1.39700
2020-07-18 03:05:20 -04,602,13.8,75,979, 0,1.44000,45.00000,1.39700
2020-07-18 03:05:44 -04,603,13.8,75,979, 0,0.00000,45.00000,1.39700
2020-07-18 03:06:08 -04,604,13.8,75,979, 0,0.96000,180.00000,1.39700
2020-07-18 03:06:32 -04,605,13.8,75,979, 0,0.00000,180.00000,1.39700
2020-07-18 03:06:56 -04,606,13.8,75,979, 0,0.48000,135.00000,1.39700
2020-07-18 03:07:20 -04,607,13.8,75,979, 0,0.00000,135.00000,1.39700
2020-07-18 03:07:43 -04,608,13.8,75,979, 0,0.00000,90.00000,1.39700
2020-07-18 03:08:07 -04,609,13.8,75,979, 0,0.96000,135.00000,1.39700
2020-07-18 03:08:31 -04,610,13.8,75,979, 0,0.48000,180.00000,1.39700
2020-07-18 03:08:55 -04,611,13.8,75,979, 0,0.48000,225.00000,1.39700
2020-07-18 03:09:19 -04,612,13.8,75,979, 0,0.96000,315.00000,1.39700
2020-07-18 03:09:43 -04,613,13.8,75,979, 0,0.48000,225.00000,1.39700
2020-07-18 03:10:07 -04,614,13.8,75,979, 0,0.48000,0.00000,1.39700
2020-07-18 03:10:31 -04,615,13.8,75,979, 0,0.48000,180.00000,1.39700
2020-07-18 03:10:55 -04,616,13.8,75,979, 0,0.96000,225.00000,1.39700
2020-07-18 03:11:19 -04,617,13.8,75,979, 0,0.48000,45.00000,1.39700
2020-07-18 03:11:42 -04,618,13.8,75,979, 0,0.96000,225.00000,1.39700
2020-07-18 03:12:06 -04,619,13.8,75,979, 0,0.96000,0.00000,1.39700
2020-07-18 03:12:30 -04,620,13.8,75,979, 0,0.96000,90.00000,1.39700
2020-07-18 03:12:54 -04,621,13.8,75,979, 0,0.00000,135.00000,1.39700
2020-07-18 03:13:18 -04,622,13.8,75,979, 0,0.00000,135.00000,1.39700
2020-07-18 03:13:42 -04,623,13.8,75,979, 0,0.00000,225.00000,1.39700
2020-07-18 03:14:06 -04,624,13.8,75,979, 0,0.00000,45.00000,1.39700
2020-07-18 03:14:30 -04,625,13.7,75,979, 0,0.48000,180.00000,1.39700
2020-07-18 03:14:54 -04,626,13.8,75,979, 0,0.00000,225.00000,1.39700
2020-07-18 03:15:17 -04,627,13.8,75,979, 0,0.00000,180.00000,1.39700
2020-07-18 03:15:41 -04,628,13.8,75,979, 0,0.48000,180.00000,1.39700
2020-07-18 03:16:05 -04,629,13.8,75,979, 0,1.44000,225.00000,1.39700
2020-07-18 03:16:29 -04,630,13.8,75,979, 0,0.00000,270.00000,1.39700
2020-07-18 03:16:53 -04,631,13.8,75,979, 0,0.96000,135.00000,1.39700
2020-07-18 03:17:17 -04,632,13.8,75,979, 0,1.44000,180.00000,1.39700
2020-07-18 03:17:41 -04,633,13.8,75,979, 0,0.00000,135.00000,1.39700
2020-07-18 03:18:05 -04,634,13.8,75,979, 0,0.96000,225.00000,1.39700
2020-07-18 03:18:28 -04,635,13.8,75,979, 0,0.96000,135.00000,1.39700
2020-07-18 03:18:52 -04,636,13.8,75,979, 0,0.48000,90.00000,1.39700
2020-07-18 03:19:16 -04,637,13.7,75,979, 0,0.96000,225.00000,1.39700
2020-07-18 03:19:39 -04,638,13.7,75,979, 0,0.00000,90.00000,1.39700
2020-07-18 03:20:03 -04,639,13.7,75,979, 0,0.96000,180.00000,1.39700
2020-07-18 03:20:27 -04,640,13.7,76,979, 0,0.96000,0.00000,1.39700
2020-07-18 03:20:51 -04,641,13.7,75,979, 0,0.96000,180.00000,1.39700
2020-07-18 03:21:15 -04,642,13.7,75,979, 0,1.92000,45.00000,1.39700
2020-07-18 03:21:39 -04,643,13.7,75,979, 0,0.00000,315.00000,1.39700
2020-07-18 03:22:02 -04,644,13.7,75,979, 0,0.00000,225.00000,1.39700
2020-07-18 03:22:26 -04,645,13.7,75,979, 0,0.96000,135.00000,1.39700
2020-07-18 03:22:50 -04,646,13.7,75,979, 0,0.96000,0.00000,1.39700
2020-07-18 03:23:28 -04,647,13.7,75,979, 0,1.44000,225.00000,1.39700
2020-07-18 03:23:59 -04,648,13.7,75,979, 0,0.00000,90.00000,1.39700
2020-07-18 03:24:23 -04,649,13.7,75,979, 0,0.96000,45.00000,1.39700
2020-07-18 03:24:47 -04,650,13.7,75,979, 0,1.92000,45.00000,1.39700
2020-07-18 03:25:11 -04,651,13.7,75,979, 0,0.96000,90.00000,1.39700
2020-07-18 03:25:36 -04,652,13.7,75,979, 0,1.44000,225.00000,1.39700
2020-07-18 03:26:00 -04,653,13.7,75,979, 0,1.92000,90.00000,1.39700
2020-07-18 03:26:24 -04,654,13.7,75,979, 0,1.92000,45.00000,1.39700
2020-07-18 03:26:50 -04,655,13.7,75,979, 0,1.92000,180.00000,1.39700
2020-07-18 03:27:15 -04,656,13.7,75,979, 0,0.96000,90.00000,1.39700
2020-07-18 03:27:39 -04,657,13.7,75,979, 0,1.44000,225.00000,1.39700
2020-07-18 03:28:03 -04,658,13.7,75,979, 0,0.48000,0.00000,1.39700
2020-07-18 03:28:30 -04,659,13.7,75,979, 0,0.96000,135.00000,1.39700
2020-07-18 03:28:48 -04,660,13.7,75,979, 0,0.48000,315.00000,1.39700
2020-07-18 03:29:12 -04,661,13.7,75,979, 0,1.44000,225.00000,1.39700
2020-07-18 03:29:36 -04,662,13.7,75,979, 0,1.44000,225.00000,1.39700
2020-07-18 03:30:00 -04,663,13.7,75,979, 0,2.40000,270.00000,1.39700
2020-07-18 03:30:24 -04,664,13.7,75,979, 0,1.44000,270.00000,1.39700
2020-07-18 03:30:48 -04,665,13.7,75,979, 0,2.40000,225.00000,1.39700
2020-07-18 03:31:13 -04,666,13.6,75,979, 0,1.44000,225.00000,1.39700
2020-07-18 03:31:37 -04,667,13.6,75,979, 0,0.96000,270.00000,1.39700
2020-07-18 03:32:01 -04,668,13.6,75,979, 0,0.48000,225.00000,1.39700
2020-07-18 03:32:25 -04,669,13.6,75,979, 0,0.96000,90.00000,1.39700
2020-07-18 03:32:48 -04,670,13.6,75,979, 0,0.48000,225.00000,1.39700
2020-07-18 03:33:12 -04,671,13.6,75,979, 0,1.44000,0.00000,1.39700
2020-07-18 03:33:37 -04,672,13.6,75,979, 0,1.44000,45.00000,1.39700
2020-07-18 03:34:01 -04,673,13.6,75,979, 0,1.44000,315.00000,1.39700
2020-07-18 03:34:25 -04,674,13.6,75,979, 0,0.96000,225.00000,1.39700
2020-07-18 03:34:49 -04,675,13.6,75,979, 0,2.88000,180.00000,1.39700
2020-07-18 03:35:12 -04,676,13.6,75,979, 0,0.96000,225.00000,1.39700
2020-07-18 03:35:37 -04,677,13.6,75,979, 0,1.44000,315.00000,1.39700
2020-07-18 03:36:01 -04,678,13.6,75,979, 0,2.88000,135.00000,1.39700
2020-07-18 03:36:25 -04,679,13.6,75,979, 0,0.96000,315.00000,1.39700
2020-07-18 03:36:49 -04,680,13.6,75,979, 0,0.48000,0.00000,1.39700
2020-07-18 03:37:13 -04,681,13.6,75,979, 0,1.92000,270.00000,1.39700
2020-07-18 03:37:37 -04,682,13.6,75,979, 0,1.44000,0.00000,1.67640
2020-07-18 03:38:01 -04,683,13.6,75,979, 0,0.96000,45.00000,1.67640
2020-07-18 03:38:25 -04,684,13.6,75,979, 0,0.96000,225.00000,1.67640
2020-07-18 03:38:49 -04,685,13.6,75,979, 0,1.44000,0.00000,1.67640
2020-07-18 03:39:13 -04,686,13.6,75,979, 0,1.44000,315.00000,1.67640
2020-07-18 03:39:37 -04,687,13.6,75,979, 0,1.92000,45.00000,1.67640
2020-07-18 03:40:01 -04,688,13.6,75,979, 0,0.48000,315.00000,1.67640
2020-07-18 03:40:25 -04,689,13.6,75,979, 0,0.96000,0.00000,1.67640
2020-07-18 03:40:49 -04,690,13.6,76,979, 0,0.48000,0.00000,1.67640
2020-07-18 03:41:13 -04,691,13.6,75,979, 0,1.92000,0.00000,1.67640
2020-07-18 03:41:37 -04,692,13.6,75,979, 0,1.44000,270.00000,1.67640
2020-07-18 03:42:01 -04,693,13.6,76,979, 0,0.48000,180.00000,1.67640
2020-07-18 03:42:25 -04,694,13.6,75,979, 0,1.44000,315.00000,1.67640
2020-07-18 03:42:49 -04,695,13.6,75,979, 0,0.96000,45.00000,1.67640
2020-07-18 03:43:13 -04,696,13.6,75,979, 0,1.44000,90.00000,1.67640
2020-07-18 03:43:37 -04,697,13.6,75,979, 0,1.92000,225.00000,1.67640
2020-07-18 03:44:01 -04,698,13.6,75,979, 0,2.88000,135.00000,1.67640
2020-07-18 03:44:25 -04,699,13.6,75,979, 0,1.44000,180.00000,1.67640
2020-07-18 03:44:49 -04,700,13.6,76,979, 0,0.48000,135.00000,1.67640
2020-07-18 03:45:14 -04,701,13.6,75,979, 0,0.48000,270.00000,1.67640
2020-07-18 03:45:38 -04,702,13.6,75,979, 0,1.92000,315.00000,1.67640
2020-07-18 03:46:02 -04,703,13.6,75,979, 0,1.44000,90.00000,1.67640
2020-07-18 03:46:26 -04,704,13.6,75,979, 0,0.00000,135.00000,1.67640
2020-07-18 03:46:50 -04,705,13.6,75,979, 0,1.44000,270.00000,1.67640
2020-07-18 03:47:14 -04,706,13.6,75,979, 0,1.92000,135.00000,1.67640
2020-07-18 03:47:38 -04,707,13.6,75,979, 0,2.40000,180.00000,1.67640
2020-07-18 03:48:02 -04,708,13.6,75,979, 0,0.96000,180.00000,1.67640
2020-07-18 03:48:26 -04,709,13.6,75,979, 0,0.96000,90.00000,1.67640
2020-07-18 03:48:50 -04,710,13.6,75,979, 0,0.96000,135.00000,1.67640
2020-07-18 03:49:14 -04,711,13.6,75,979, 0,1.44000,45.00000,1.67640
2020-07-18 03:49:39 -04,712,13.6,75,979, 0,2.40000,90.00000,1.67640
2020-07-18 03:50:03 -04,713,13.6,75,979, 0,0.48000,270.00000,1.67640
2020-07-18 03:50:27 -04,714,13.6,75,979, 0,0.00000,45.00000,1.67640
2020-07-18 03:50:51 -04,715,13.6,75,979, 0,1.92000,180.00000,1.67640
2020-07-18 03:51:15 -04,716,13.6,75,979, 0,1.92000,90.00000,1.67640
2020-07-18 03:51:39 -04,717,13.5,75,979, 0,0.96000,315.00000,1.67640
2020-07-18 03:52:03 -04,718,13.6,75,979, 0,0.48000,180.00000,1.67640
2020-07-18 03:52:26 -04,719,13.6,75,979, 0,0.48000,180.00000,1.67640
2020-07-18 03:52:50 -04,720,13.6,76,979, 0,0.96000,180.00000,1.67640
2020-07-18 03:53:14 -04,721,13.6,75,979, 0,1.44000,0.00000,1.67640
2020-07-18 03:53:38 -04,722,13.6,75,979, 0,0.96000,0.00000,1.67640
2020-07-18 03:54:02 -04,723,13.5,76,979, 0,0.96000,180.00000,1.67640
2020-07-18 03:54:26 -04,724,13.5,76,979, 0,0.00000,135.00000,1.67640
2020-07-18 03:54:50 -04,725,13.6,76,979, 0,1.44000,225.00000,1.67640
2020-07-18 03:55:14 -04,726,13.6,75,979, 0,0.96000,45.00000,1.67640
2020-07-18 03:55:38 -04,727,13.5,76,979, 0,0.96000,0.00000,1.67640
2020-07-18 03:56:02 -04,728,13.5,76,979, 0,0.00000,225.00000,1.67640
2020-07-18 03:56:26 -04,729,13.5,76,979, 0,0.96000,270.00000,1.67640
2020-07-18 03:56:51 -04,730,13.6,76,979, 0,3.36000,270.00000,1.67640
2020-07-18 03:57:15 -04,731,13.5,75,979, 0,5.28000,90.00000,1.67640
2020-07-18 03:57:39 -04,732,13.6,76,979, 0,0.96000,315.00000,1.67640
2020-07-18 03:58:03 -04,733,13.5,76,979, 0,0.96000,270.00000,1.67640
2020-07-18 03:58:27 -04,734,13.5,75,979, 0,1.92000,180.00000,1.67640
2020-07-18 03:58:51 -04,735,13.5,75,979, 0,0.96000,45.00000,1.67640
2020-07-18 03:59:15 -04,736,13.5,75,979, 0,1.44000,90.00000,1.67640
2020-07-18 03:59:39 -04,737,13.5,76,979, 0,0.96000,90.00000,1.67640
2020-07-18 04:00:03 -04,738,13.5,75,979, 0,0.96000,135.00000,1.67640
2020-07-18 04:00:27 -04,739,13.5,75,979, 0,0.96000,225.00000,1.67640
2020-07-18 04:00:50 -04,740,13.5,75,979, 0,1.44000,0.00000,1.67640
2020-07-18 04:01:15 -04,741,13.5,75,979, 0,2.40000,0.00000,1.67640
2020-07-18 04:01:39 -04,742,13.5,75,979, 0,1.44000,225.00000,1.67640
2020-07-18 04:02:03 -04,743,13.5,76,979, 0,3.36000,90.00000,1.67640
2020-07-18 04:02:27 -04,744,13.5,75,979, 0,1.44000,90.00000,1.67640
2020-07-18 04:02:51 -04,745,13.5,76,979, 0,0.96000,225.00000,1.67640
2020-07-18 04:03:15 -04,746,13.5,75,979, 0,1.44000,225.00000,1.67640
2020-07-18 04:03:39 -04,747,13.5,75,979, 0,0.48000,225.00000,1.67640
2020-07-18 04:04:03 -04,748,13.5,75,979, 0,0.96000,45.00000,1.67640
2020-07-18 04:04:27 -04,749,13.5,76,979, 0,0.00000,270.00000,1.67640
2020-07-18 04:04:51 -04,750,13.5,76,979, 0,0.48000,45.00000,1.67640
2020-07-18 04:05:15 -04,751,13.5,75,979, 0,0.00000,90.00000,1.67640
2020-07-18 04:05:39 -04,752,13.5,75,979, 0,3.84000,225.00000,1.67640
2020-07-18 04:06:03 -04,753,13.5,75,979, 0,2.40000,225.00000,1.67640
2020-07-18 04:06:27 -04,754,13.5,75,979, 0,1.92000,315.00000,1.67640
2020-07-18 04:06:51 -04,755,13.5,76,979, 0,1.44000,135.00000,1.67640
2020-07-18 04:07:14 -04,756,13.5,75,979, 0,1.92000,0.00000,1.67640
2020-07-18 04:07:38 -04,757,13.5,75,979, 0,0.48000,225.00000,1.67640
2020-07-18 04:08:02 -04,758,13.5,76,979, 0,2.40000,225.00000,1.67640
2020-07-18 04:08:26 -04,759,13.5,76,979, 0,1.44000,0.00000,1.67640
2020-07-18 04:08:50 -04,760,13.5,75,979, 0,0.48000,0.00000,1.67640
2020-07-18 04:09:13 -04,761,13.5,75,979, 0,0.96000,135.00000,1.67640
2020-07-18 04:09:37 -04,762,13.5,75,979, 0,1.44000,0.00000,1.67640
2020-07-18 04:10:01 -04,763,13.5,75,979, 0,0.96000,90.00000,1.67640
2020-07-18 04:10:25 -04,764,13.5,75,979, 0,0.00000,315.00000,1.67640
2020-07-18 04:10:50 -04,765,13.5,75,979, 0,0.96000,90.00000,1.67640
2020-07-18 04:11:13 -04,766,13.5,76,979, 0,0.96000,0.00000,1.67640
2020-07-18 04:11:37 -04,767,13.5,75,979, 0,0.48000,90.00000,1.67640
2020-07-18 04:12:01 -04,768,13.5,76,979, 0,1.44000,90.00000,1.67640
2020-07-18 04:12:25 -04,769,13.5,75,979, 0,2.40000,225.00000,1.67640
2020-07-18 04:12:49 -04,770,13.5,75,979, 0,0.96000,0.00000,1.67640
2020-07-18 04:13:13 -04,771,13.5,75,979, 0,1.44000,135.00000,1.67640
2020-07-18 04:13:37 -04,772,13.5,75,979, 0,1.92000,225.00000,1.67640
2020-07-18 04:14:01 -04,773,13.5,75,979, 0,1.44000,270.00000,1.67640
2020-07-18 04:14:25 -04,774,13.5,75,979, 0,0.96000,135.00000,1.67640
2020-07-18 04:14:49 -04,775,13.5,75,979, 0,1.44000,270.00000,1.67640
2020-07-18 04:15:13 -04,776,13.5,75,979, 0,1.44000,135.00000,1.67640
2020-07-18 04:15:37 -04,777,13.5,75,979, 0,1.44000,315.00000,1.67640
2020-07-18 04:16:01 -04,778,13.5,75,979, 0,1.92000,270.00000,1.67640
2020-07-18 04:16:25 -04,779,13.5,75,979, 0,0.00000,180.00000,1.67640
2020-07-18 04:16:49 -04,780,13.5,75,979, 0,0.48000,45.00000,1.67640
2020-07-18 04:17:13 -04,781,13.5,75,979, 0,1.92000,90.00000,1.67640
2020-07-18 04:17:37 -04,782,13.5,75,979, 0,0.96000,0.00000,1.67640
2020-07-18 04:18:01 -04,783,13.5,75,979, 0,0.48000,135.00000,1.67640
2020-07-18 04:18:25 -04,784,13.5,75,979, 0,0.96000,135.00000,1.67640
2020-07-18 04:18:49 -04,785,13.5,75,979, 0,1.44000,90.00000,1.67640
2020-07-18 04:19:13 -04,786,13.5,75,979, 0,0.48000,180.00000,1.67640
2020-07-18 04:19:36 -04,787,13.5,76,979, 0,0.48000,45.00000,1.67640
2020-07-18 04:20:00 -04,788,13.5,75,979, 0,0.96000,270.00000,1.67640
2020-07-18 04:20:24 -04,789,13.5,76,979, 0,0.96000,90.00000,1.67640
2020-07-18 04:20:48 -04,790,13.5,75,979, 0,1.44000,90.00000,1.67640
2020-07-18 04:21:12 -04,791,13.5,75,979, 0,0.48000,90.00000,1.67640
2020-07-18 04:21:36 -04,792,13.5,75,979, 0,0.96000,45.00000,1.67640
2020-07-18 04:22:00 -04,793,13.5,75,979, 0,1.44000,0.00000,1.67640
2020-07-18 04:22:24 -04,794,13.5,76,979, 0,2.88000,45.00000,1.67640
2020-07-18 04:22:48 -04,795,13.5,75,979, 0,0.96000,90.00000,1.67640
2020-07-18 04:23:12 -04,796,13.5,75,979, 0,1.92000,225.00000,1.67640
2020-07-18 04:23:36 -04,797,13.5,75,979, 0,1.44000,270.00000,1.67640
2020-07-18 04:24:00 -04,798,13.5,75,979, 0,1.44000,180.00000,1.67640
2020-07-18 04:24:24 -04,799,13.5,75,979, 0,2.88000,0.00000,1.67640
2020-07-18 04:24:48 -04,800,13.5,75,979, 0,1.44000,135.00000,1.67640
2020-07-18 04:25:12 -04,801,13.5,75,979, 0,1.92000,135.00000,1.67640
2020-07-18 04:25:36 -04,802,13.5,75,979, 0,1.44000,315.00000,1.67640
2020-07-18 04:26:00 -04,803,13.5,75,979, 0,0.00000,90.00000,1.67640
2020-07-18 04:26:24 -04,804,13.5,75,979, 0,0.96000,0.00000,1.67640
2020-07-18 04:26:48 -04,805,13.5,75,979, 0,0.96000,315.00000,1.67640
2020-07-18 04:27:12 -04,806,13.5,75,979, 0,0.48000,135.00000,1.67640
2020-07-18 04:27:36 -04,807,13.5,75,979, 0,1.92000,225.00000,1.67640
2020-07-18 04:27:59 -04,808,13.5,75,979, 0,0.96000,270.00000,1.67640
2020-07-18 04:28:23 -04,809,13.5,75,979, 0,2.40000,0.00000,1.67640
2020-07-18 04:28:47 -04,810,13.5,75,979, 0,1.92000,0.00000,1.67640
2020-07-18 04:29:11 -04,811,13.5,75,979, 0,0.48000,135.00000,1.67640
2020-07-18 04:29:35 -04,812,13.5,75,979, 0,0.96000,90.00000,1.67640
2020-07-18 04:29:59 -04,813,13.5,75,979, 0,0.00000,45.00000,1.67640
2020-07-18 04:30:23 -04,814,13.5,75,979, 0,0.96000,0.00000,1.67640
2020-07-18 04:30:47 -04,815,13.5,75,979, 0,0.00000,270.00000,1.67640
2020-07-18 04:31:11 -04,816,13.5,75,979, 0,0.48000,225.00000,1.67640
2020-07-18 04:31:35 -04,817,13.5,75,979, 0,0.48000,180.00000,1.67640
2020-07-18 04:31:59 -04,818,13.5,75,979, 0,0.00000,180.00000,1.67640
2020-07-18 04:32:23 -04,819,13.5,75,979, 0,1.44000,0.00000,1.67640
2020-07-18 04:32:47 -04,820,13.5,75,979, 0,0.00000,135.00000,1.67640
2020-07-18 04:33:11 -04,821,13.5,75,979, 0,1.44000,45.00000,1.67640
2020-07-18 04:33:35 -04,822,13.5,75,979, 0,2.40000,225.00000,1.67640
2020-07-18 04:33:59 -04,823,13.5,75,979, 0,0.00000,90.00000,1.67640
2020-07-18 04:34:23 -04,824,13.5,75,979, 0,0.48000,225.00000,1.67640
2020-07-18 04:34:47 -04,825,13.5,75,979, 0,0.48000,0.00000,1.67640
2020-07-18 04:35:11 -04,826,13.5,75,979, 0,0.96000,135.00000,1.67640
2020-07-18 04:35:35 -04,827,13.5,75,979, 0,0.96000,90.00000,1.67640
2020-07-18 04:35:59 -04,828,13.5,75,979, 0,1.44000,0.00000,1.67640
2020-07-18 04:36:23 -04,829,13.5,75,979, 0,1.44000,0.00000,1.67640
2020-07-18 04:36:47 -04,830,13.5,75,979, 0,0.48000,45.00000,1.67640
2020-07-18 04:37:11 -04,831,13.5,75,979, 0,0.00000,315.00000,1.67640
2020-07-18 04:37:35 -04,832,13.5,75,979, 0,0.48000,315.00000,1.67640
2020-07-18 04:37:59 -04,833,13.5,75,979, 0,1.92000,135.00000,1.67640
2020-07-18 04:38:23 -04,834,13.5,75,979, 0,0.96000,0.00000,1.67640
2020-07-18 04:38:47 -04,835,13.5,75,979, 0,1.92000,180.00000,1.67640
2020-07-18 04:39:11 -04,836,13.5,75,979, 0,0.96000,90.00000,1.67640
2020-07-18 04:39:35 -04,837,13.5,75,979, 0,0.96000,90.00000,1.67640
2020-07-18 04:39:59 -04,838,13.5,75,979, 0,0.48000,135.00000,1.67640
2020-07-18 04:40:23 -04,839,13.5,75,979, 0,0.96000,45.00000,1.67640
2020-07-18 04:40:47 -04,840,13.5,75,979, 0,4.80000,90.00000,1.67640
2020-07-18 04:41:11 -04,841,13.5,75,979, 0,0.48000,315.00000,1.67640
2020-07-18 04:41:35 -04,842,13.5,75,979, 0,0.48000,135.00000,1.67640
2020-07-18 04:41:59 -04,843,13.5,75,979, 0,0.48000,315.00000,1.67640
2020-07-18 04:42:22 -04,844,13.5,75,979, 0,1.44000,135.00000,1.67640
2020-07-18 04:42:46 -04,845,13.5,75,979, 0,0.96000,225.00000,1.67640
2020-07-18 04:43:11 -04,846,13.5,75,979, 0,0.00000,90.00000,1.67640
2020-07-18 04:43:35 -04,847,13.5,75,979, 0,0.00000,135.00000,1.67640
2020-07-18 04:43:59 -04,848,13.5,75,979, 0,1.92000,225.00000,1.67640
2020-07-18 04:44:23 -04,849,13.5,75,979, 0,1.92000,225.00000,1.67640
2020-07-18 04:44:47 -04,850,13.5,75,979, 0,0.00000,270.00000,1.67640
2020-07-18 04:45:11 -04,851,13.5,75,979, 0,0.00000,135.00000,1.67640
2020-07-18 04:45:35 -04,852,13.5,75,979, 0,0.48000,135.00000,1.67640
2020-07-18 04:45:59 -04,853,13.5,75,979, 0,1.44000,180.00000,1.67640
2020-07-18 04:46:23 -04,854,13.5,75,979, 0,0.00000,90.00000,1.67640
2020-07-18 04:46:47 -04,855,13.5,75,979, 0,3.84000,225.00000,1.67640
2020-07-18 04:47:11 -04,856,13.5,75,978, 0,1.92000,0.00000,1.67640
2020-07-18 04:47:36 -04,857,13.5,75,978, 0,1.92000,225.00000,1.67640
2020-07-18 04:48:00 -04,858,13.5,75,978, 0,0.96000,180.00000,1.67640
2020-07-18 04:48:24 -04,859,13.5,75,978, 0,0.96000,90.00000,1.67640
2020-07-18 04:48:48 -04,860,13.5,75,978, 0,0.00000,0.00000,1.67640
2020-07-18 04:49:12 -04,861,13.5,75,978, 0,0.48000,180.00000,1.67640
2020-07-18 04:49:36 -04,862,13.5,75,978, 0,0.96000,315.00000,1.67640
2020-07-18 04:50:00 -04,863,13.5,75,978, 0,1.92000,135.00000,1.67640
2020-07-18 04:50:24 -04,864,13.5,75,978, 0,0.00000,135.00000,1.67640
2020-07-18 04:50:48 -04,865,13.5,75,978, 0,0.00000,45.00000,1.67640
2020-07-18 04:51:13 -04,866,13.5,75,978, 0,1.44000,90.00000,1.67640
2020-07-18 04:51:37 -04,867,13.5,75,978, 0,0.96000,270.00000,1.67640
2020-07-18 04:52:01 -04,868,13.5,75,978, 0,0.96000,315.00000,1.67640
2020-07-18 04:52:25 -04,869,13.5,75,978, 0,0.48000,315.00000,1.67640
2020-07-18 04:52:49 -04,870,13.5,75,978, 0,0.00000,135.00000,1.67640
2020-07-18 04:53:13 -04,871,13.5,75,978, 0,1.44000,270.00000,1.67640
2020-07-18 04:53:36 -04,872,13.5,75,978, 0,0.96000,90.00000,1.67640
2020-07-18 04:54:01 -04,873,13.5,75,978, 0,0.48000,315.00000,1.67640
2020-07-18 04:54:25 -04,874,13.5,75,978, 0,0.48000,315.00000,1.67640
2020-07-18 04:54:49 -04,875,13.5,75,978, 0,0.00000,45.00000,1.67640
2020-07-18 04:55:13 -04,876,13.5,75,978, 0,0.00000,315.00000,1.67640
2020-07-18 04:55:37 -04,877,13.5,75,978, 0,0.48000,270.00000,1.67640
2020-07-18 04:56:00 -04,878,13.5,75,978, 0,0.96000,315.00000,1.67640
2020-07-18 04:56:24 -04,879,13.5,75,978, 0,0.00000,270.00000,1.67640
2020-07-18 04:56:48 -04,880,13.5,75,978, 0,0.96000,225.00000,1.67640
2020-07-18 04:57:12 -04,881,13.5,75,978, 0,0.96000,0.00000,1.67640
2020-07-18 04:57:36 -04,882,13.5,75,978, 0,0.96000,180.00000,1.67640
2020-07-18 04:58:00 -04,883,13.5,75,978, 0,0.00000,0.00000,1.67640
2020-07-18 04:58:24 -04,884,13.5,75,979, 0,1.44000,270.00000,1.67640
2020-07-18 04:58:48 -04,885,13.5,75,978, 0,0.48000,135.00000,1.67640
2020-07-18 04:59:12 -04,886,13.6,75,979, 0,0.00000,135.00000,1.67640
2020-07-18 04:59:36 -04,887,13.6,75,979, 0,0.48000,0.00000,1.67640
2020-07-18 05:00:00 -04,888,13.5,75,979, 0,0.96000,0.00000,1.67640
2020-07-18 05:00:24 -04,889,13.6,75,978, 0,1.44000,45.00000,1.67640
2020-07-18 05:00:48 -04,890,13.5,75,979, 0,0.48000,180.00000,1.67640
2020-07-18 05:01:12 -04,891,13.6,75,978, 0,1.92000,270.00000,1.67640
2020-07-18 05:01:36 -04,892,13.6,75,978, 0,0.96000,90.00000,1.67640
2020-07-18 05:02:00 -04,893,13.6,75,978, 0,0.48000,180.00000,1.67640
2020-07-18 05:02:24 -04,894,13.6,75,979, 0,0.48000,270.00000,1.67640
2020-07-18 05:02:48 -04,895,13.6,75,979, 0,0.48000,90.00000,1.67640
2020-07-18 05:03:12 -04,896,13.6,75,978, 0,0.48000,135.00000,1.67640
2020-07-18 05:03:36 -04,897,13.6,75,979, 0,0.96000,315.00000,1.67640
2020-07-18 05:04:00 -04,898,13.6,75,979, 0,0.00000,0.00000,1.67640
2020-07-18 05:04:24 -04,899,13.6,75,979, 0,0.96000,135.00000,1.67640
2020-07-18 05:04:48 -04,900,13.6,75,979, 0,1.92000,315.00000,1.67640
2020-07-18 05:05:13 -04,901,13.6,75,978, 0,0.48000,180.00000,1.67640
2020-07-18 05:05:37 -04,902,13.6,75,978, 0,1.44000,45.00000,1.67640
2020-07-18 05:06:01 -04,903,13.6,75,978, 0,0.48000,90.00000,1.67640
2020-07-18 05:06:25 -04,904,13.6,75,978, 0,0.96000,135.00000,1.67640
2020-07-18 05:06:49 -04,905,13.6,75,978, 0,0.48000,135.00000,1.67640
2020-07-18 05:07:13 -04,906,13.6,75,978, 0,0.00000,225.00000,1.67640
2020-07-18 05:07:37 -04,907,13.6,75,978, 0,0.96000,135.00000,1.67640
2020-07-18 05:08:01 -04,908,13.6,75,978, 0,0.96000,90.00000,1.67640
2020-07-18 05:08:24 -04,909,13.6,75,978, 0,1.44000,45.00000,1.67640
2020-07-18 05:08:48 -04,910,13.6,75,978, 0,0.96000,135.00000,1.67640
2020-07-18 05:09:12 -04,911,13.6,75,978, 0,0.96000,90.00000,1.67640
2020-07-18 05:09:37 -04,912,13.6,75,978, 0,0.48000,135.00000,1.67640
2020-07-18 05:10:01 -04,913,13.6,75,978, 0,1.44000,135.00000,1.67640
2020-07-18 05:10:25 -04,914,13.6,75,978, 0,0.00000,90.00000,1.67640
2020-07-18 05:10:49 -04,915,13.6,75,978, 0,0.96000,45.00000,1.67640
2020-07-18 05:11:13 -04,916,13.6,75,978, 0,1.44000,135.00000,1.67640
2020-07-18 05:11:37 -04,917,13.6,75,978, 0,1.44000,135.00000,1.67640
2020-07-18 05:12:01 -04,918,13.6,75,978, 0,0.96000,90.00000,1.67640
2020-07-18 05:12:25 -04,919,13.6,75,978, 0,0.48000,225.00000,1.67640
2020-07-18 05:12:50 -04,920,13.6,75,979, 0,0.96000,225.00000,1.67640
2020-07-18 05:13:14 -04,921,13.6,75,979, 0,0.48000,0.00000,1.67640
2020-07-18 05:13:38 -04,922,13.6,75,979, 0,1.44000,90.00000,1.67640
2020-07-18 05:14:02 -04,923,13.6,75,979, 0,0.00000,0.00000,1.67640
2020-07-18 05:14:26 -04,924,13.6,75,979, 0,0.96000,90.00000,1.67640
2020-07-18 05:14:50 -04,925,13.6,75,979, 0,0.96000,45.00000,1.67640
2020-07-18 05:15:15 -04,926,13.6,75,979, 0,0.48000,180.00000,1.67640
2020-07-18 05:15:38 -04,927,13.6,75,979, 0,1.92000,135.00000,1.67640
2020-07-18 05:16:02 -04,928,13.6,75,979, 0,0.96000,45.00000,1.67640
2020-07-18 05:16:27 -04,929,13.6,75,979, 0,0.96000,45.00000,1.67640
2020-07-18 05:16:51 -04,930,13.6,74,979, 0,0.00000,90.00000,1.67640
2020-07-18 05:17:15 -04,931,13.6,75,979, 0,0.00000,90.00000,1.67640
2020-07-18 05:17:38 -04,932,13.6,75,979, 0,0.96000,45.00000,1.67640
2020-07-18 05:18:02 -04,933,13.6,75,979, 0,0.00000,135.00000,1.67640
2020-07-18 05:18:26 -04,934,13.6,75,979, 0,1.44000,315.00000,1.67640
2020-07-18 05:18:50 -04,935,13.6,75,979, 0,0.48000,225.00000,1.67640
2020-07-18 05:19:15 -04,936,13.6,75,979, 0,0.96000,315.00000,1.67640
2020-07-18 05:19:39 -04,937,13.6,75,979, 0,0.48000,315.00000,1.67640
2020-07-18 05:20:03 -04,938,13.6,75,979, 0,0.96000,180.00000,1.67640
2020-07-18 05:20:27 -04,939,13.6,75,979, 0,0.48000,45.00000,1.67640
2020-07-18 05:20:51 -04,940,13.6,75,979, 0,0.96000,180.00000,1.67640
2020-07-18 05:21:15 -04,941,13.6,75,979, 0,0.96000,135.00000,1.67640
2020-07-18 05:21:39 -04,942,13.6,75,979, 0,1.44000,225.00000,1.67640
2020-07-18 05:22:03 -04,943,13.6,75,979, 0,0.96000,315.00000,1.67640
2020-07-18 05:22:27 -04,944,13.6,75,979, 0,1.44000,180.00000,1.67640
2020-07-18 05:22:51 -04,945,13.6,75,979, 0,0.96000,90.00000,1.67640
2020-07-18 05:23:15 -04,946,13.6,75,979, 0,0.48000,315.00000,1.67640
2020-07-18 05:23:39 -04,947,13.6,75,979, 0,0.48000,90.00000,1.67640
2020-07-18 05:24:03 -04,948,13.6,75,979, 0,1.44000,180.00000,1.67640
2020-07-18 05:24:27 -04,949,13.6,75,979, 0,0.96000,90.00000,1.67640
2020-07-18 05:24:51 -04,950,13.6,75,979, 0,0.00000,135.00000,1.95580
2020-07-18 05:25:15 -04,951,13.6,75,979, 0,0.48000,0.00000,1.95580
2020-07-18 05:25:39 -04,952,13.6,75,979, 0,0.00000,0.00000,1.95580
2020-07-18 05:26:03 -04,953,13.6,75,979, 0,0.48000,0.00000,1.95580
2020-07-18 05:26:27 -04,954,13.6,75,979, 0,1.44000,315.00000,1.95580
2020-07-18 05:26:51 -04,955,13.6,75,979, 0,0.00000,270.00000,1.95580
2020-07-18 05:27:15 -04,956,13.6,75,979, 0,0.00000,270.00000,1.95580
2020-07-18 05:27:40 -04,957,13.6,75,979, 0,1.92000,180.00000,1.95580
2020-07-18 05:28:04 -04,958,13.6,75,979, 0,0.96000,225.00000,1.95580
2020-07-18 05:28:28 -04,959,13.6,75,979, 0,0.96000,45.00000,1.95580
2020-07-18 05:28:52 -04,960,13.6,75,979, 0,0.48000,90.00000,1.95580
2020-07-18 05:29:16 -04,961,13.6,75,979, 0,1.92000,180.00000,1.95580
2020-07-18 05:29:40 -04,962,13.6,75,979, 0,1.44000,180.00000,1.95580
2020-07-18 05:30:04 -04,963,13.6,75,979, 0,0.00000,315.00000,1.95580
2020-07-18 05:30:28 -04,964,13.6,75,979, 0,0.96000,225.00000,1.95580
2020-07-18 05:30:51 -04,965,13.6,75,979, 0,0.48000,0.00000,1.95580
2020-07-18 05:31:15 -04,966,13.6,75,979, 0,1.44000,180.00000,1.95580
2020-07-18 05:31:39 -04,967,13.5,75,979, 0,0.48000,0.00000,1.95580
2020-07-18 05:32:03 -04,968,13.5,75,979, 0,0.96000,90.00000,1.95580
2020-07-18 05:32:28 -04,969,13.5,75,979, 0,2.40000,135.00000,1.95580
2020-07-18 05:32:52 -04,970,13.5,75,979, 0,0.48000,0.00000,1.95580
2020-07-18 05:33:15 -04,971,13.5,75,979, 0,1.44000,0.00000,1.95580
2020-07-18 05:33:39 -04,972,13.5,75,979, 0,0.96000,180.00000,1.95580
2020-07-18 05:34:03 -04,973,13.5,75,979, 0,0.96000,315.00000,1.95580
2020-07-18 05:34:27 -04,974,13.5,75,979, 0,1.44000,180.00000,1.95580
2020-07-18 05:34:51 -04,975,13.5,75,979, 0,0.96000,135.00000,1.95580
2020-07-18 05:35:15 -04,976,13.5,75,979, 0,2.88000,45.00000,1.95580
2020-07-18 05:35:39 -04,977,13.5,75,979, 0,1.92000,135.00000,1.95580
2020-07-18 05:36:04 -04,978,13.5,75,979, 0,1.44000,135.00000,1.95580
2020-07-18 05:36:28 -04,979,13.5,75,979, 0,2.40000,135.00000,1.95580
2020-07-18 05:36:52 -04,980,13.5,75,979, 0,0.48000,225.00000,1.95580
2020-07-18 05:37:15 -04,981,13.5,75,979, 0,0.96000,315.00000,1.95580
2020-07-18 05:37:39 -04,982,13.5,75,979, 0,0.96000,270.00000,1.95580
2020-07-18 05:38:03 -04,983,13.5,75,979, 0,1.92000,180.00000,1.95580
2020-07-18 05:38:27 -04,984,13.5,75,979, 0,0.48000,45.00000,1.95580
2020-07-18 05:38:51 -04,985,13.5,75,979, 0,0.96000,315.00000,1.95580
2020-07-18 05:39:15 -04,986,13.5,75,979, 0,0.96000,315.00000,1.95580
2020-07-18 05:39:39 -04,987,13.5,75,979, 0,1.44000,180.00000,1.95580
2020-07-18 05:40:03 -04,988,13.5,75,979, 0,0.48000,180.00000,1.95580
2020-07-18 05:40:27 -04,989,13.5,75,979, 0,0.96000,45.00000,1.95580
2020-07-18 05:40:51 -04,990,13.5,75,979, 0,0.48000,225.00000,1.95580
2020-07-18 05:41:15 -04,991,13.5,75,979, 0,1.92000,135.00000,1.95580
2020-07-18 05:41:39 -04,992,13.5,75,979, 0,1.44000,270.00000,1.95580
2020-07-18 05:42:03 -04,993,13.5,75,979, 0,0.00000,90.00000,1.95580
2020-07-18 05:42:28 -04,994,13.5,75,979, 0,0.00000,180.00000,1.95580
2020-07-18 05:42:52 -04,995,13.5,75,979, 0,0.48000,90.00000,1.95580
2020-07-18 05:43:16 -04,996,13.5,75,979, 0,0.48000,270.00000,1.95580
2020-07-18 05:43:40 -04,997,13.5,75,979, 0,0.00000,270.00000,1.95580
2020-07-18 05:44:04 -04,998,13.5,75,979, 0,0.96000,270.00000,1.95580
2020-07-18 05:44:28 -04,999,13.5,75,979, 0,1.92000,90.00000,1.95580
2020-07-18 05:44:52 -04,1000,13.5,75,979, 0,1.92000,0.00000,1.95580
2020-07-18 05:45:16 -04,1001,13.5,75,979, 0,0.48000,225.00000,1.95580
2020-07-18 05:45:40 -04,1002,13.5,75,979, 0,0.48000,270.00000,1.95580
2020-07-18 05:46:04 -04,1003,13.5,75,979, 0,1.92000,135.00000,1.95580
2020-07-18 05:46:28 -04,1004,13.5,75,979, 0,1.44000,270.00000,1.95580
2020-07-18 05:46:52 -04,1005,13.5,75,979, 0,1.44000,225.00000,1.95580
2020-07-18 05:47:16 -04,1006,13.5,75,979, 0,1.44000,315.00000,1.95580
2020-07-18 05:47:40 -04,1007,13.5,75,979, 0,0.96000,45.00000,1.95580
2020-07-18 05:48:04 -04,1008,13.5,75,979, 0,0.00000,135.00000,1.95580
2020-07-18 05:48:28 -04,1009,13.5,75,979, 0,0.48000,270.00000,1.95580
2020-07-18 05:48:52 -04,1010,13.5,75,979, 0,0.96000,270.00000,1.95580
2020-07-18 05:49:16 -04,1011,13.5,75,979, 0,1.92000,90.00000,1.95580
2020-07-18 05:49:40 -04,1012,13.5,75,979, 0,1.44000,0.00000,1.95580
2020-07-18 05:50:03 -04,1013,13.5,75,979, 0,2.40000,225.00000,1.95580
2020-07-18 05:50:28 -04,1014,13.5,75,979, 0,1.92000,315.00000,1.95580
2020-07-18 05:50:52 -04,1015,13.5,75,979, 0,2.40000,0.00000,1.95580
2020-07-18 05:51:16 -04,1016,13.5,75,979, 0,1.92000,90.00000,1.95580
2020-07-18 05:51:40 -04,1017,13.5,75,979, 0,1.44000,45.00000,1.95580
2020-07-18 05:52:04 -04,1018,13.5,75,979, 0,0.96000,0.00000,1.95580
2020-07-18 05:52:28 -04,1019,13.5,75,979, 0,0.00000,0.00000,1.95580
2020-07-18 05:52:52 -04,1020,13.5,75,979, 0,0.96000,90.00000,1.95580
2020-07-18 05:53:16 -04,1021,13.5,75,979, 0,1.44000,135.00000,1.95580
2020-07-18 05:53:40 -04,1022,13.5,75,979, 0,0.48000,270.00000,1.95580
2020-07-18 05:54:04 -04,1023,13.5,75,979, 0,1.92000,0.00000,1.95580
2020-07-18 05:54:27 -04,1024,13.5,75,979, 0,0.48000,315.00000,1.95580
2020-07-18 05:54:51 -04,1025,13.5,75,979, 0,0.48000,90.00000,1.95580
2020-07-18 05:55:15 -04,1026,13.5,75,979, 0,0.48000,0.00000,1.95580
2020-07-18 05:55:39 -04,1027,13.5,75,979, 0,0.96000,225.00000,1.95580
2020-07-18 05:56:03 -04,1028,13.5,75,979, 0,1.44000,135.00000,1.95580
2020-07-18 05:56:27 -04,1029,13.5,75,979, 0,1.44000,180.00000,1.95580
2020-07-18 05:56:51 -04,1030,13.5,75,979, 0,0.00000,315.00000,1.95580
2020-07-18 05:57:15 -04,1031,13.5,75,979, 0,0.48000,315.00000,1.95580
2020-07-18 05:57:39 -04,1032,13.5,75,979, 0,1.44000,0.00000,1.95580
2020-07-18 05:58:03 -04,1033,13.5,75,979, 0,0.96000,135.00000,1.95580
2020-07-18 05:58:27 -04,1034,13.5,75,979, 0,0.48000,225.00000,1.95580
2020-07-18 05:58:51 -04,1035,13.5,75,979, 0,0.00000,135.00000,1.95580
2020-07-18 05:59:15 -04,1036,13.5,75,979, 0,1.44000,90.00000,1.95580
2020-07-18 05:59:39 -04,1037,13.5,75,979, 0,1.44000,90.00000,1.95580
2020-07-18 06:00:03 -04,1038,13.5,75,979, 0,1.92000,135.00000,1.95580
2020-07-18 06:00:26 -04,1039,13.5,75,979, 0,0.00000,135.00000,1.95580
2020-07-18 06:00:50 -04,1040,13.5,75,979, 0,0.00000,135.00000,1.95580
2020-07-18 06:01:14 -04,1041,13.5,75,979, 0,0.00000,135.00000,1.95580
2020-07-18 06:01:38 -04,1042,13.5,75,979, 0,0.00000,135.00000,1.95580
2020-07-18 06:02:02 -04,1043,13.5,75,979, 0,0.00000,135.00000,1.95580
2020-07-18 06:02:25 -04,1044,13.5,75,979, 0,1.44000,270.00000,1.95580
2020-07-18 06:02:49 -04,1045,13.5,75,979, 0,0.96000,90.00000,1.95580
2020-07-18 06:03:13 -04,1046,13.5,75,979, 0,0.96000,225.00000,1.95580
2020-07-18 06:03:37 -04,1047,13.6,75,979, 0,0.00000,90.00000,1.95580
2020-07-18 06:04:01 -04,1048,13.5,75,979, 0,0.96000,270.00000,1.95580
2020-07-18 06:04:25 -04,1049,13.5,75,979, 0,0.96000,45.00000,1.95580
2020-07-18 06:04:49 -04,1050,13.5,75,979, 0,0.48000,270.00000,1.95580
2020-07-18 06:05:13 -04,1051,13.5,75,979, 0,1.44000,135.00000,1.95580
2020-07-18 06:05:38 -04,1052,13.5,75,979, 0,1.44000,90.00000,1.95580
2020-07-18 06:06:02 -04,1053,13.5,75,979, 0,0.48000,180.00000,1.95580
2020-07-18 06:06:26 -04,1054,13.5,75,979, 0,0.96000,225.00000,1.95580
2020-07-18 06:06:50 -04,1055,13.5,75,979, 0,0.96000,45.00000,1.95580
2020-07-18 06:07:13 -04,1056,13.5,75,979, 0,0.00000,225.00000,1.95580
2020-07-18 06:07:38 -04,1057,13.5,75,979, 0,0.96000,0.00000,1.95580
2020-07-18 06:08:01 -04,1058,13.5,75,979, 0,1.44000,135.00000,1.95580
2020-07-18 06:08:25 -04,1059,13.5,75,979, 0,0.48000,180.00000,1.95580
2020-07-18 06:08:49 -04,1060,13.5,75,979, 0,1.44000,90.00000,1.95580
2020-07-18 06:09:13 -04,1061,13.5,75,979, 0,1.44000,270.00000,1.95580
2020-07-18 06:09:37 -04,1062,13.5,75,979, 0,0.96000,135.00000,1.95580
2020-07-18 06:10:01 -04,1063,13.5,75,979, 0,2.40000,90.00000,1.95580
2020-07-18 06:10:25 -04,1064,13.5,75,979, 0,0.96000,135.00000,1.95580
2020-07-18 06:10:49 -04,1065,13.5,75,979, 0,1.44000,180.00000,1.95580
2020-07-18 06:11:13 -04,1066,13.5,75,979, 0,3.36000,135.00000,1.95580
2020-07-18 06:11:37 -04,1067,13.5,75,979, 0,0.96000,315.00000,1.95580
2020-07-18 06:12:01 -04,1068,13.5,75,979, 0,0.48000,135.00000,1.95580
2020-07-18 06:12:25 -04,1069,13.5,75,979, 0,1.44000,0.00000,1.95580
2020-07-18 06:12:49 -04,1070,13.5,75,979, 0,0.00000,45.00000,1.95580
2020-07-18 06:13:12 -04,1071,13.5,75,979, 0,0.00000,90.00000,1.95580
2020-07-18 06:13:37 -04,1072,13.5,75,979, 0,0.96000,135.00000,1.95580
2020-07-18 06:14:01 -04,1073,13.5,75,979, 0,0.96000,0.00000,1.95580
2020-07-18 06:14:25 -04,1074,13.5,75,979, 0,1.92000,270.00000,1.95580
2020-07-18 06:14:49 -04,1075,13.5,75,979, 0,1.44000,45.00000,1.95580
2020-07-18 06:15:13 -04,1076,13.5,75,979, 0,0.48000,135.00000,1.95580
2020-07-18 06:15:36 -04,1077,13.5,75,979, 0,1.44000,135.00000,1.95580
2020-07-18 06:16:00 -04,1078,13.4,75,979, 0,1.44000,135.00000,1.95580
2020-07-18 06:16:24 -04,1079,13.4,75,979, 0,1.92000,90.00000,1.95580
2020-07-18 06:16:49 -04,1080,13.4,75,979, 0,1.44000,315.00000,1.95580
2020-07-18 06:17:13 -04,1081,13.4,75,979, 0,0.96000,225.00000,1.95580
2020-07-18 06:17:37 -04,1082,13.4,75,979, 0,0.48000,90.00000,1.95580
2020-07-18 06:18:00 -04,1083,13.4,75,979, 0,0.48000,90.00000,1.95580
2020-07-18 06:18:24 -04,1084,13.4,75,979, 0,0.00000,45.00000,1.95580
2020-07-18 06:18:48 -04,1085,13.4,75,979, 0,1.92000,90.00000,1.95580
2020-07-18 06:19:13 -04,1086,13.4,75,979, 0,0.96000,135.00000,1.95580
2020-07-18 06:19:37 -04,1087,13.4,75,979, 0,2.88000,90.00000,1.95580
2020-07-18 06:20:01 -04,1088,13.4,75,979, 0,0.96000,90.00000,1.95580
2020-07-18 06:20:25 -04,1089,13.4,75,979, 0,0.96000,135.00000,1.95580
2020-07-18 06:20:49 -04,1090,13.5,75,979, 0,0.00000,135.00000,1.95580
2020-07-18 06:21:13 -04,1091,13.4,75,979, 0,1.44000,90.00000,1.95580
2020-07-18 06:21:37 -04,1092,13.5,75,979, 0,0.48000,225.00000,1.95580
2020-07-18 06:22:01 -04,1093,13.4,75,979, 0,1.44000,135.00000,1.95580
2020-07-18 06:22:25 -04,1094,13.4,75,979, 0,1.44000,180.00000,1.95580
2020-07-18 06:22:49 -04,1095,13.5,75,979, 0,1.44000,45.00000,1.95580
2020-07-18 06:23:14 -04,1096,13.4,75,979, 0,1.92000,180.00000,1.95580
2020-07-18 06:23:38 -04,1097,13.4,75,979, 0,0.48000,135.00000,1.95580
2020-07-18 06:24:02 -04,1098,13.4,75,979, 0,2.40000,315.00000,1.95580
2020-07-18 06:24:26 -04,1099,13.4,75,979, 0,0.96000,0.00000,1.95580
2020-07-18 06:24:50 -04,1100,13.4,75,979, 0,0.96000,225.00000,1.95580
2020-07-18 06:25:14 -04,1101,13.4,75,979, 0,1.44000,90.00000,1.95580
2020-07-18 06:25:38 -04,1102,13.5,75,979, 0,1.44000,135.00000,1.95580
2020-07-18 06:26:01 -04,1103,13.4,75,979, 0,0.96000,135.00000,1.95580
2020-07-18 06:26:25 -04,1104,13.5,75,979, 0,0.96000,180.00000,1.95580
2020-07-18 06:26:50 -04,1105,13.5,75,979, 0,1.44000,45.00000,1.95580
2020-07-18 06:27:14 -04,1106,13.5,75,979, 0,1.92000,90.00000,1.95580
2020-07-18 06:27:38 -04,1107,13.4,75,979, 0,0.00000,135.00000,1.95580
2020-07-18 06:28:02 -04,1108,13.4,75,979, 0,0.48000,135.00000,1.95580
2020-07-18 06:28:26 -04,1109,13.5,75,979, 0,0.48000,180.00000,1.95580
2020-07-18 06:28:50 -04,1110,13.5,75,979, 0,0.48000,90.00000,1.95580
2020-07-18 06:29:14 -04,1111,13.5,75,979, 0,1.44000,90.00000,1.95580
2020-07-18 06:29:38 -04,1112,13.5,75,979, 0,0.96000,135.00000,1.95580
2020-07-18 06:30:02 -04,1113,13.5,75,979, 0,0.96000,90.00000,1.95580
2020-07-18 06:30:26 -04,1114,13.5,75,979, 0,0.48000,225.00000,1.95580
2020-07-18 06:30:50 -04,1115,13.5,75,979, 0,1.92000,90.00000,1.95580
2020-07-18 06:31:14 -04,1116,13.5,75,979, 0,0.48000,135.00000,1.95580
2020-07-18 06:31:38 -04,1117,13.5,75,979, 0,0.00000,270.00000,1.95580
2020-07-18 06:32:01 -04,1118,13.5,75,979, 0,0.48000,90.00000,1.95580
2020-07-18 06:32:25 -04,1119,13.5,75,979, 0,0.48000,90.00000,1.95580
2020-07-18 06:32:50 -04,1120,13.5,75,979, 0,0.00000,90.00000,1.95580
2020-07-18 06:33:14 -04,1121,13.5,75,979, 0,0.96000,45.00000,1.95580
2020-07-18 06:33:38 -04,1122,13.5,75,979, 0,0.48000,45.00000,1.95580
2020-07-18 06:34:02 -04,1123,13.5,75,979, 0,0.00000,225.00000,1.95580
2020-07-18 06:34:26 -04,1124,13.5,75,979, 0,1.44000,135.00000,1.95580
2020-07-18 06:34:51 -04,1125,13.5,75,979, 0,0.48000,0.00000,1.95580
2020-07-18 06:35:15 -04,1126,13.5,75,979, 0,0.96000,180.00000,1.95580
2020-07-18 06:35:38 -04,1127,13.5,75,979, 0,0.00000,135.00000,1.95580
2020-07-18 06:36:03 -04,1128,13.5,75,979, 0,0.00000,90.00000,1.95580
2020-07-18 06:36:26 -04,1129,13.5,75,979, 0,0.00000,180.00000,1.95580
2020-07-18 06:36:51 -04,1130,13.5,75,979, 0,0.00000,90.00000,1.95580
2020-07-18 06:37:15 -04,1131,13.5,75,979, 0,0.48000,135.00000,1.95580
2020-07-18 06:37:39 -04,1132,13.5,75,979, 0,0.48000,315.00000,1.95580
2020-07-18 06:38:03 -04,1133,13.5,75,979, 0,0.48000,45.00000,1.95580
2020-07-18 06:38:28 -04,1134,13.5,75,979, 0,0.48000,0.00000,1.95580
2020-07-18 06:38:52 -04,1135,13.5,75,979, 0,0.96000,270.00000,1.95580
2020-07-18 06:39:16 -04,1136,13.5,75,979, 0,0.96000,0.00000,1.95580
2020-07-18 06:39:40 -04,1137,13.5,75,979, 0,0.48000,45.00000,1.95580
2020-07-18 06:40:04 -04,1138,13.5,75,979, 0,1.44000,225.00000,1.95580
2020-07-18 06:40:28 -04,1139,13.5,75,979, 0,0.48000,180.00000,1.95580
2020-07-18 06:40:52 -04,1140,13.5,75,979, 0,0.48000,45.00000,1.95580
2020-07-18 06:41:16 -04,1141,13.5,75,979, 0,0.00000,180.00000,1.95580
2020-07-18 06:41:40 -04,1142,13.5,75,979, 0,1.92000,135.00000,1.95580
2020-07-18 06:42:04 -04,1143,13.5,75,979, 0,0.96000,225.00000,1.95580
2020-07-18 06:42:28 -04,1144,13.5,75,979, 0,0.48000,0.00000,1.95580
2020-07-18 06:42:52 -04,1145,13.5,75,979, 0,0.48000,180.00000,1.95580
2020-07-18 06:43:15 -04,1146,13.5,75,979, 0,0.96000,90.00000,1.95580
2020-07-18 06:43:40 -04,1147,13.5,75,979, 0,0.96000,90.00000,1.95580
2020-07-18 06:44:04 -04,1148,13.5,75,979, 0,0.48000,225.00000,1.95580
2020-07-18 06:44:27 -04,1149,13.5,75,979, 0,0.00000,180.00000,1.95580
2020-07-18 06:44:51 -04,1150,13.5,75,979, 0,0.00000,180.00000,1.95580
2020-07-18 06:45:15 -04,1151,13.5,75,979, 0,0.96000,0.00000,1.95580
2020-07-18 06:45:39 -04,1152,13.5,75,979, 0,0.00000,0.00000,1.95580
2020-07-18 06:46:03 -04,1153,13.5,75,979, 0,0.00000,90.00000,1.95580
2020-07-18 06:46:27 -04,1154,13.5,75,979, 0,0.96000,225.00000,1.95580
2020-07-18 06:46:51 -04,1155,13.5,75,979, 0,1.44000,270.00000,1.95580
2020-07-18 06:47:15 -04,1156,13.5,75,979, 0,0.96000,315.00000,1.95580
2020-07-18 06:47:39 -04,1157,13.5,75,979, 0,0.00000,135.00000,1.95580
2020-07-18 06:48:03 -04,1158,13.5,75,979, 0,0.48000,45.00000,1.95580
2020-07-18 06:48:27 -04,1159,13.5,75,979, 0,0.96000,135.00000,1.95580
2020-07-18 06:48:51 -04,1160,13.5,75,979, 0,0.48000,225.00000,1.95580
2020-07-18 06:49:15 -04,1161,13.5,75,979, 0,0.48000,180.00000,1.95580
2020-07-18 06:49:39 -04,1162,13.5,75,979, 0,2.40000,90.00000,1.95580
2020-07-18 06:50:03 -04,1163,13.5,75,979, 0,0.48000,90.00000,1.95580
2020-07-18 06:50:28 -04,1164,13.5,75,979, 0,0.48000,135.00000,1.95580
2020-07-18 06:50:52 -04,1165,13.5,75,979, 0,0.00000,90.00000,1.95580
2020-07-18 06:51:16 -04,1166,13.5,75,979, 0,0.00000,135.00000,1.95580
2020-07-18 06:51:40 -04,1167,13.5,75,979, 0,0.48000,90.00000,1.95580
2020-07-18 06:52:04 -04,1168,13.5,75,979, 0,0.48000,90.00000,1.95580
2020-07-18 06:52:28 -04,1169,13.5,75,979, 0,0.48000,225.00000,1.95580
2020-07-18 06:52:52 -04,1170,13.5,75,979, 0,1.44000,180.00000,1.95580
2020-07-18 06:53:17 -04,1171,13.5,75,979, 0,0.48000,0.00000,1.95580
2020-07-18 06:53:41 -04,1172,13.5,75,979, 0,0.48000,45.00000,1.95580
2020-07-18 06:54:05 -04,1173,13.5,75,979, 0,0.48000,0.00000,1.95580
2020-07-18 06:54:29 -04,1174,13.5,75,979, 0,1.92000,135.00000,1.95580
2020-07-18 06:54:53 -04,1175,13.5,75,979, 0,0.00000,90.00000,1.95580
2020-07-18 06:55:17 -04,1176,13.5,75,979, 0,1.44000,90.00000,1.95580
2020-07-18 06:55:42 -04,1177,13.5,75,979, 0,0.00000,90.00000,1.95580
2020-07-18 06:56:06 -04,1178,13.5,75,979, 0,1.92000,90.00000,1.95580
2020-07-18 06:56:30 -04,1179,13.5,74,979, 0,1.44000,225.00000,1.95580
2020-07-18 06:56:54 -04,1180,13.5,75,979, 0,0.00000,225.00000,1.95580
2020-07-18 06:57:18 -04,1181,13.5,75,979, 0,0.48000,135.00000,1.95580
2020-07-18 06:57:42 -04,1182,13.5,75,979, 0,0.00000,270.00000,1.95580
2020-07-18 06:58:06 -04,1183,13.5,75,979, 0,0.00000,0.00000,1.95580
2020-07-18 06:58:30 -04,1184,13.5,75,979, 0,0.48000,0.00000,1.95580
2020-07-18 06:58:54 -04,1185,13.5,75,979, 0,0.48000,225.00000,1.95580
2020-07-18 06:59:18 -04,1186,13.5,75,979, 0,0.48000,315.00000,1.95580
2020-07-18 06:59:42 -04,1187,13.5,75,979, 0,0.48000,45.00000,1.95580
2020-07-18 07:00:06 -04,1188,13.5,75,979, 0,0.00000,180.00000,1.95580
2020-07-18 07:00:30 -04,1189,13.5,75,979, 0,0.00000,90.00000,1.95580
2020-07-18 07:00:54 -04,1190,13.5,75,979, 0,0.00000,90.00000,1.95580
2020-07-18 07:01:18 -04,1191,13.5,75,979, 0,0.00000,90.00000,1.95580
2020-07-18 07:01:42 -04,1192,13.6,75,979, 0,0.00000,90.00000,1.95580
2020-07-18 07:02:05 -04,1193,13.6,75,979, 0,0.96000,0.00000,1.95580
2020-07-18 07:02:29 -04,1194,13.5,75,979, 0,0.00000,315.00000,1.95580
2020-07-18 07:02:54 -04,1195,13.5,75,979, 0,0.48000,225.00000,1.95580
2020-07-18 07:03:17 -04,1196,13.5,75,979, 0,0.00000,135.00000,1.95580
2020-07-18 07:03:41 -04,1197,13.5,75,979, 0,0.48000,135.00000,1.95580
2020-07-18 07:04:06 -04,1198,13.5,74,979, 0,0.00000,180.00000,1.95580
2020-07-18 07:04:30 -04,1199,13.5,75,979, 0,1.44000,135.00000,1.95580
2020-07-18 07:04:53 -04,1200,13.6,75,979, 0,0.00000,135.00000,1.95580
2020-07-18 07:05:17 -04,1201,13.6,74,979, 0,0.00000,135.00000,1.95580
2020-07-18 07:05:41 -04,1202,13.6,74,979, 0,0.48000,180.00000,1.95580
2020-07-18 07:06:05 -04,1203,13.6,74,979, 0,0.00000,180.00000,1.95580
2020-07-18 07:06:29 -04,1204,13.6,74,979, 0,0.48000,180.00000,1.95580
2020-07-18 07:06:53 -04,1205,13.6,74,979, 0,0.00000,180.00000,1.95580
2020-07-18 07:07:17 -04,1206,13.6,74,979, 0,0.96000,270.00000,1.95580
2020-07-18 07:07:41 -04,1207,13.6,74,979, 0,0.00000,225.00000,1.95580
2020-07-18 07:08:05 -04,1208,13.6,74,979, 0,0.48000,270.00000,1.95580
2020-07-18 07:08:29 -04,1209,13.6,74,979, 0,0.00000,270.00000,1.95580
2020-07-18 07:08:53 -04,1210,13.6,74,979, 0,0.00000,90.00000,1.95580
2020-07-18 07:09:17 -04,1211,13.6,74,979, 0,0.00000,180.00000,1.95580
2020-07-18 07:09:41 -04,1212,13.6,74,979, 0,0.48000,45.00000,1.95580
2020-07-18 07:10:05 -04,1213,13.6,74,979, 0,0.00000,45.00000,1.95580
2020-07-18 07:10:30 -04,1214,13.6,74,979, 0,0.00000,180.00000,1.95580
2020-07-18 07:10:54 -04,1215,13.6,74,979, 0,0.00000,180.00000,1.95580
2020-07-18 07:11:18 -04,1216,13.6,74,979, 0,0.96000,270.00000,1.95580
2020-07-18 07:11:42 -04,1217,13.6,74,979, 0,0.48000,90.00000,1.95580
2020-07-18 07:12:06 -04,1218,13.6,74,979, 0,0.48000,135.00000,1.95580
2020-07-18 07:12:30 -04,1219,13.6,74,979, 0,1.44000,45.00000,1.95580
2020-07-18 07:12:54 -04,1220,13.6,74,979, 0,0.96000,90.00000,1.95580
2020-07-18 07:13:18 -04,1221,13.6,74,979, 0,0.00000,90.00000,1.95580
2020-07-18 07:13:42 -04,1222,13.6,74,979, 0,0.48000,180.00000,1.95580
2020-07-18 07:14:06 -04,1223,13.6,74,979, 0,0.96000,315.00000,1.95580
2020-07-18 07:14:31 -04,1224,13.6,74,979, 0,0.00000,0.00000,1.95580
2020-07-18 07:14:55 -04,1225,13.6,74,979, 0,1.92000,180.00000,1.95580
2020-07-18 07:15:19 -04,1226,13.6,74,979, 0,0.48000,45.00000,1.95580
2020-07-18 07:15:43 -04,1227,13.6,74,979, 0,0.96000,180.00000,1.95580
2020-07-18 07:16:06 -04,1228,13.6,74,979, 0,1.92000,315.00000,1.95580
2020-07-18 07:16:30 -04,1229,13.6,74,979, 0,0.48000,45.00000,1.95580
2020-07-18 07:16:54 -04,1230,13.6,74,979, 0,1.44000,180.00000,1.95580
2020-07-18 07:17:18 -04,1231,13.6,74,979, 0,0.96000,0.00000,1.95580
2020-07-18 07:17:42 -04,1232,13.6,74,979, 0,0.96000,225.00000,1.95580
2020-07-18 07:18:07 -04,1233,13.6,75,979, 0,0.00000,270.00000,1.95580
2020-07-18 07:18:31 -04,1234,13.5,74,979, 0,0.48000,270.00000,1.95580
2020-07-18 07:18:55 -04,1235,13.5,74,979, 0,0.48000,225.00000,1.95580
2020-07-18 07:19:19 -04,1236,13.5,75,979, 0,2.40000,0.00000,1.95580
2020-07-18 07:19:43 -04,1237,13.6,74,979, 0,0.00000,135.00000,1.95580
2020-07-18 07:20:07 -04,1238,13.5,75,979, 0,0.48000,135.00000,1.95580
2020-07-18 07:20:31 -04,1239,13.5,75,979, 0,0.48000,180.00000,1.95580
2020-07-18 07:20:55 -04,1240,13.5,75,979, 0,0.48000,135.00000,1.95580
2020-07-18 07:21:19 -04,1241,13.5,75,979, 0,0.96000,45.00000,1.95580
2020-07-18 07:21:44 -04,1242,13.5,75,979, 0,0.00000,90.00000,1.95580
2020-07-18 07:22:08 -04,1243,13.5,75,979, 0,0.96000,135.00000,1.95580
2020-07-18 07:22:32 -04,1244,13.5,75,979, 0,1.92000,135.00000,1.95580
2020-07-18 07:22:56 -04,1245,13.5,75,979, 0,1.92000,135.00000,1.95580
2020-07-18 07:23:20 -04,1246,13.5,75,979, 0,0.00000,135.00000,1.95580
2020-07-18 07:23:44 -04,1247,13.5,75,979, 0,0.00000,135.00000,1.95580
2020-07-18 07:24:08 -04,1248,13.5,75,979, 0,0.00000,135.00000,1.95580
2020-07-18 07:24:32 -04,1249,13.5,75,979, 0,0.00000,135.00000,1.95580
2020-07-18 07:24:56 -04,1250,13.5,75,979, 0,0.00000,135.00000,1.95580
2020-07-18 07:25:19 -04,1251,13.5,75,979, 0,0.00000,315.00000,1.95580
2020-07-18 07:25:43 -04,1252,13.6,75,979, 0,0.00000,225.00000,1.95580
2020-07-18 07:26:08 -04,1253,13.6,74,979, 0,0.00000,270.00000,1.95580
2020-07-18 07:26:32 -04,1254,13.6,75,979, 0,0.00000,270.00000,1.95580
2020-07-18 07:26:57 -04,1255,13.6,75,979, 0,0.00000,270.00000,1.95580
2020-07-18 07:27:21 -04,1256,13.6,74,979, 0,0.48000,0.00000,1.95580
2020-07-18 07:27:45 -04,1257,13.6,75,979, 1,0.48000,45.00000,1.95580
2020-07-18 07:28:09 -04,1258,13.6,74,979, 1,0.00000,225.00000,1.95580
2020-07-18 07:28:33 -04,1259,13.6,74,979, 1,0.00000,225.00000,1.95580
2020-07-18 07:28:56 -04,1260,13.6,74,979, 1,1.44000,180.00000,1.95580
2020-07-18 07:29:20 -04,1261,13.6,74,979, 1,0.96000,45.00000,1.95580
2020-07-18 07:29:44 -04,1262,13.6,74,979, 1,0.00000,180.00000,1.95580
2020-07-18 07:30:08 -04,1263,13.6,74,979, 1,0.48000,225.00000,1.95580
2020-07-18 07:30:32 -04,1264,13.6,74,979, 1,0.48000,90.00000,1.95580
2020-07-18 07:30:56 -04,1265,13.6,74,979, 1,0.48000,90.00000,1.95580
2020-07-18 07:31:19 -04,1266,13.6,nan,979, 1,0.00000,315.00000,1.95580
2020-07-18 07:31:43 -04,1267,13.6,74,979, 1,1.44000,90.00000,1.95580
2020-07-18 07:32:07 -04,1268,13.6,74,979, 1,0.48000,135.00000,1.95580
2020-07-18 07:32:33 -04,1269,13.6,nan,979, 1,1.44000,45.00000,1.95580
2020-07-18 07:32:57 -04,1270,13.6,74,979, 1,1.92000,90.00000,1.95580
2020-07-18 07:33:21 -04,1271,13.6,74,979, 1,2.88000,135.00000,1.95580
2020-07-18 07:33:45 -04,1272,13.5,75,979, 2,1.44000,270.00000,1.95580
2020-07-18 07:34:09 -04,1273,13.5,75,979, 2,0.48000,90.00000,1.95580
2020-07-18 07:34:33 -04,1274,13.5,75,979, 2,0.00000,135.00000,1.95580
2020-07-18 07:34:57 -04,1275,13.5,75,979, 2,0.48000,0.00000,1.95580
2020-07-18 07:35:21 -04,1276,13.5,75,979, 3,0.96000,0.00000,1.95580
2020-07-18 07:35:45 -04,1277,13.5,75,979, 3,1.44000,90.00000,1.95580
2020-07-18 07:36:09 -04,1278,13.5,75,979, 3,2.40000,180.00000,1.95580
2020-07-18 07:36:33 -04,1279,13.5,75,979, 3,0.96000,225.00000,1.95580
2020-07-18 07:36:57 -04,1280,13.5,75,979, 3,1.92000,0.00000,1.95580
2020-07-18 07:37:21 -04,1281,13.5,75,979, 3,0.96000,135.00000,1.95580
2020-07-18 07:37:45 -04,1282,13.5,75,979, 3,1.44000,180.00000,1.95580
2020-07-18 07:38:09 -04,1283,13.5,75,979, 3,2.88000,90.00000,1.95580
2020-07-18 07:38:33 -04,1284,13.5,75,979, 3,3.36000,135.00000,1.95580
2020-07-18 07:38:57 -04,1285,13.5,75,979, 4,0.96000,135.00000,1.95580
2020-07-18 07:39:21 -04,1286,13.5,75,979, 5,1.92000,90.00000,1.95580
2020-07-18 07:39:45 -04,1287,13.4,75,979, 6,1.44000,90.00000,1.95580
2020-07-18 07:40:09 -04,1288,13.4,75,979, 7,0.00000,90.00000,1.95580
2020-07-18 07:40:33 -04,1289,13.5,75,979, 7,0.96000,270.00000,2.51460
2020-07-18 07:40:57 -04,1290,13.4,75,979, 7,0.00000,135.00000,2.51460
2020-07-18 07:41:21 -04,1291,13.4,75,979, 7,1.92000,135.00000,2.51460
2020-07-18 07:41:46 -04,1292,13.4,75,979, 7,0.96000,45.00000,2.51460
2020-07-18 07:42:10 -04,1293,13.4,75,979, 8,1.44000,45.00000,2.51460
2020-07-18 07:42:33 -04,1294,13.4,75,979, 8,0.48000,0.00000,2.51460
2020-07-18 07:42:58 -04,1295,13.4,75,979, 8,0.96000,135.00000,2.51460
2020-07-18 07:43:22 -04,1296,13.4,75,979, 8,0.96000,45.00000,2.51460
2020-07-18 07:43:45 -04,1297,13.4,75,979, 8,0.00000,0.00000,2.51460
2020-07-18 07:44:09 -04,1298,13.4,75,979, 8,1.44000,0.00000,2.51460
2020-07-18 07:44:33 -04,1299,13.4,75,979,10,0.48000,135.00000,21.51380
2020-07-18 07:44:57 -04,1300,13.4,75,979,11,1.44000,90.00000,21.51380
2020-07-18 07:45:21 -04,1301,13.4,75,979,12,0.48000,270.00000,21.51380
2020-07-18 07:45:45 -04,1302,13.4,75,979,12,0.48000,90.00000,21.51380
2020-07-18 07:46:09 -04,1303,13.4,75,979,13,0.96000,90.00000,21.51380
2020-07-18 07:46:33 -04,1304,13.4,76,979,15,0.00000,0.00000,21.51380
2020-07-18 07:46:57 -04,1305,13.4,76,979,16,0.00000,45.00000,21.51380
2020-07-18 07:47:21 -04,1306,13.5,76,979,17,0.00000,225.00000,21.51380
2020-07-18 07:47:45 -04,1307,13.5,76,979,18,0.00000,225.00000,21.51380
2020-07-18 07:48:09 -04,1308,13.5,76,979,18,1.92000,180.00000,21.51380
2020-07-18 07:48:33 -04,1309,13.5,76,979,19,2.40000,45.00000,21.51380
2020-07-18 07:48:57 -04,1310,13.5,76,979,21,1.44000,90.00000,21.51380
2020-07-18 07:49:21 -04,1311,13.5,76,979,21,0.96000,315.00000,21.51380
2020-07-18 07:49:45 -04,1312,13.5,76,979,20,0.96000,45.00000,21.51380
2020-07-18 07:50:09 -04,1313,13.5,76,979,19,0.96000,45.00000,21.51380
2020-07-18 07:50:33 -04,1314,13.5,76,979,20,0.00000,225.00000,21.51380
2020-07-18 07:50:57 -04,1315,13.5,76,979,22,0.96000,90.00000,21.51380
2020-07-18 07:51:21 -04,1316,13.5,76,979,24,0.00000,45.00000,21.51380
2020-07-18 07:51:45 -04,1317,13.5,76,979,27,1.44000,135.00000,21.51380
2020-07-18 07:52:09 -04,1318,13.5,76,979,28,1.92000,135.00000,21.51380
2020-07-18 07:52:33 -04,1319,13.5,76,979,29,0.48000,180.00000,21.51380
2020-07-18 07:52:58 -04,1320,13.5,76,979,30,0.96000,0.00000,21.51380
2020-07-18 07:53:22 -04,1321,13.5,76,979,31,0.96000,0.00000,21.51380
2020-07-18 07:53:46 -04,1322,13.5,76,979,31,1.44000,90.00000,21.51380
2020-07-18 07:54:10 -04,1323,13.5,76,979,32,0.48000,0.00000,21.51380
2020-07-18 07:54:34 -04,1324,13.5,76,979,32,1.92000,90.00000,21.51380
2020-07-18 07:54:58 -04,1325,13.5,75,979,32,0.48000,45.00000,21.51380
2020-07-18 07:55:21 -04,1326,13.5,75,979,34,0.48000,90.00000,21.51380
2020-07-18 07:55:45 -04,1327,13.5,75,979,35,0.48000,180.00000,21.51380
2020-07-18 07:56:09 -04,1328,13.5,75,979,37,0.00000,90.00000,21.51380
2020-07-18 07:56:33 -04,1329,13.5,75,979,39,0.48000,90.00000,21.51380
2020-07-18 07:56:57 -04,1330,13.5,75,979,42,1.92000,0.00000,21.51380
2020-07-18 07:57:21 -04,1331,13.5,75,979,45,0.96000,45.00000,21.51380
2020-07-18 07:57:45 -04,1332,13.5,75,979,47,0.96000,90.00000,21.51380
2020-07-18 07:58:09 -04,1333,13.5,75,979,49,1.92000,45.00000,21.51380
2020-07-18 07:58:34 -04,1334,13.5,75,979,50,0.96000,135.00000,21.51380
2020-07-18 07:58:58 -04,1335,13.5,75,979,49,1.92000,180.00000,21.51380
2020-07-18 07:59:22 -04,1336,13.5,75,979,48,3.36000,180.00000,21.51380
2020-07-18 07:59:46 -04,1337,13.5,75,979,49,0.96000,135.00000,21.51380
2020-07-18 08:00:10 -04,1338,13.5,75,979,53,0.96000,225.00000,21.51380
2020-07-18 08:00:34 -04,1339,13.5,75,979,56,0.96000,0.00000,21.51380
2020-07-18 08:00:58 -04,1340,13.5,75,979,61,0.48000,90.00000,21.51380
2020-07-18 08:01:22 -04,1341,13.5,75,979,63,0.96000,270.00000,21.51380
2020-07-18 08:01:45 -04,1342,13.5,75,979,64,0.00000,135.00000,21.51380
2020-07-18 08:02:09 -04,1343,13.5,75,979,65,0.48000,0.00000,21.51380
2020-07-18 08:02:33 -04,1344,13.5,75,979,63,0.00000,0.00000,21.51380
2020-07-18 08:02:57 -04,1345,13.5,75,979,62,0.48000,0.00000,21.51380
2020-07-18 08:03:21 -04,1346,13.5,75,979,61,0.00000,45.00000,21.51380
2020-07-18 08:03:45 -04,1347,13.4,75,979,62,0.48000,270.00000,21.51380
2020-07-18 08:04:09 -04,1348,13.4,75,979,61,0.96000,135.00000,21.51380
2020-07-18 08:04:33 -04,1349,13.4,75,979,58,2.40000,45.00000,21.51380
2020-07-18 08:04:56 -04,1350,13.3,75,979,54,0.00000,90.00000,21.51380
2020-07-18 08:05:20 -04,1351,13.3,75,979,53,0.96000,180.00000,21.51380
2020-07-18 08:05:44 -04,1352,13.2,75,979,53,0.96000,225.00000,21.51380
2020-07-18 08:06:08 -04,1353,13.2,75,979,57,0.48000,315.00000,21.51380
2020-07-18 08:06:33 -04,1354,13.2,75,979,62,0.96000,45.00000,21.51380
2020-07-18 08:06:56 -04,1355,13.2,75,979,66,0.00000,45.00000,21.51380
2020-07-18 08:07:24 -04,1356,13.1,75,979,72,0.00000,45.00000,21.51380
2020-07-18 08:07:44 -04,1357,13.1,76,979,76,0.96000,0.00000,21.51380
2020-07-18 08:08:08 -04,1358,13.1,76,979,80,0.96000,45.00000,21.51380
2020-07-18 08:08:32 -04,1359,13.1,76,979,83,0.96000,315.00000,21.51380
2020-07-18 08:08:56 -04,1360,13.0,76,979,85,1.92000,0.00000,21.51380
2020-07-18 08:09:21 -04,1361,13.0,76,979,90,2.88000,135.00000,21.51380
2020-07-18 08:09:45 -04,1362,13.0,76,979,97,0.00000,45.00000,21.51380
2020-07-18 08:10:09 -04,1363,13.0,76,979,101,2.88000,315.00000,21.51380
2020-07-18 08:10:33 -04,1364,13.0,76,979,103,0.96000,0.00000,21.51380
2020-07-18 08:10:57 -04,1365,13.0,76,979,104,1.44000,180.00000,21.51380
2020-07-18 08:11:21 -04,1366,13.0,76,979,104,0.96000,315.00000,21.51380
2020-07-18 08:11:45 -04,1367,12.9,76,979,104,0.00000,45.00000,21.51380
2020-07-18 08:12:09 -04,1368,12.9,76,979,105,0.00000,270.00000,21.51380
2020-07-18 08:12:33 -04,1369,12.9,76,979,104,0.00000,135.00000,21.51380
2020-07-18 08:12:57 -04,1370,12.9,76,979,107,0.48000,225.00000,21.51380
2020-07-18 08:13:21 -04,1371,12.9,77,979,108,0.00000,225.00000,21.51380
2020-07-18 08:13:45 -04,1372,12.9,77,979,109,0.00000,225.00000,21.51380
2020-07-18 08:14:09 -04,1373,12.9,77,979,113,0.48000,180.00000,21.51380
2020-07-18 08:14:33 -04,1374,12.9,76,979,118,1.92000,180.00000,21.51380
2020-07-18 08:14:59 -04,1375,12.9,76,979,125,0.96000,90.00000,21.51380
2020-07-18 08:15:18 -04,1376,12.9,76,979,130,1.92000,45.00000,21.51380
2020-07-18 08:15:42 -04,1377,12.9,76,979,133,0.96000,90.00000,21.51380
2020-07-18 08:16:06 -04,1378,12.9,76,979,136,0.96000,270.00000,21.51380
2020-07-18 08:16:30 -04,1379,12.9,76,979,139,0.48000,135.00000,21.51380
2020-07-18 08:16:54 -04,1380,13.0,76,979,139,0.00000,270.00000,21.51380
2020-07-18 08:17:18 -04,1381,13.0,76,979,138,0.00000,90.00000,21.51380
2020-07-18 08:17:42 -04,1382,13.0,76,979,139,1.92000,90.00000,21.51380
2020-07-18 08:18:06 -04,1383,12.9,76,979,139,0.00000,135.00000,21.51380
2020-07-18 08:18:30 -04,1384,12.9,76,979,139,1.44000,45.00000,21.51380
2020-07-18 08:18:54 -04,1385,12.9,77,979,138,1.92000,0.00000,21.51380
2020-07-18 08:19:18 -04,1386,12.9,77,979,136,0.00000,270.00000,21.51380
2020-07-18 08:19:42 -04,1387,12.9,77,979,132,0.48000,180.00000,21.51380
2020-07-18 08:20:06 -04,1388,12.9,77,979,124,0.00000,135.00000,21.51380
2020-07-18 08:20:30 -04,1389,12.9,77,979,118,0.48000,135.00000,21.51380
2020-07-18 08:20:54 -04,1390,12.9,77,979,118,0.48000,180.00000,21.51380
2020-07-18 08:21:18 -04,1391,12.9,77,979,121,0.00000,225.00000,21.51380
2020-07-18 08:21:42 -04,1392,12.9,77,979,119,0.96000,45.00000,21.51380
2020-07-18 08:22:06 -04,1393,12.9,77,979,117,0.96000,225.00000,21.51380
2020-07-18 08:22:30 -04,1394,12.9,77,979,122,0.00000,180.00000,21.51380
2020-07-18 08:22:54 -04,1395,12.8,77,979,124,0.48000,315.00000,21.51380
2020-07-18 08:23:18 -04,1396,12.8,77,979,125,0.48000,315.00000,21.51380
2020-07-18 08:23:42 -04,1397,12.8,77,979,126,1.44000,90.00000,21.51380
2020-07-18 08:24:05 -04,1398,12.8,77,979,126,0.48000,225.00000,21.51380
2020-07-18 08:24:29 -04,1399,12.8,77,979,122,0.48000,135.00000,21.51380
2020-07-18 08:24:54 -04,1400,12.8,77,979,113,0.96000,45.00000,21.51380
2020-07-18 08:25:18 -04,1401,12.8,77,979,107,2.88000,180.00000,21.51380
2020-07-18 08:25:42 -04,1402,12.8,77,979,101,0.48000,180.00000,21.51380
2020-07-18 08:26:06 -04,1403,12.8,77,979,96,1.44000,135.00000,21.51380
2020-07-18 08:26:30 -04,1404,12.8,77,979,92,1.44000,180.00000,21.51380
2020-07-18 08:26:54 -04,1405,12.8,77,979,90,1.44000,135.00000,21.51380
2020-07-18 08:27:18 -04,1406,12.8,77,979,93,1.92000,135.00000,21.51380
2020-07-18 08:27:43 -04,1407,12.8,77,979,102,2.40000,90.00000,21.51380
2020-07-18 08:28:06 -04,1408,12.8,77,979,108,1.44000,135.00000,21.51380
2020-07-18 08:28:31 -04,1409,12.8,77,979,114,1.92000,270.00000,21.51380
2020-07-18 08:28:54 -04,1410,12.8,77,979,118,0.96000,135.00000,21.51380
2020-07-18 08:29:19 -04,1411,12.8,77,979,122,0.00000,135.00000,21.51380
2020-07-18 08:29:43 -04,1412,12.7,77,979,124,0.48000,180.00000,21.51380
2020-07-18 08:30:07 -04,1413,12.8,77,979,125,1.44000,45.00000,21.51380
2020-07-18 08:30:31 -04,1414,12.8,77,979,126,2.40000,225.00000,21.51380
2020-07-18 08:30:55 -04,1415,12.8,77,979,131,0.00000,270.00000,21.51380
2020-07-18 08:31:19 -04,1416,12.8,77,979,138,0.00000,90.00000,21.51380
2020-07-18 08:31:43 -04,1417,12.8,77,979,146,2.40000,135.00000,21.51380
2020-07-18 08:32:07 -04,1418,12.8,77,979,153,0.96000,135.00000,21.51380
2020-07-18 08:32:31 -04,1419,12.8,77,979,163,1.44000,135.00000,21.51380
2020-07-18 08:32:55 -04,1420,12.8,77,979,172,1.44000,225.00000,21.51380
2020-07-18 08:33:19 -04,1421,12.8,77,979,178,1.44000,0.00000,21.51380
2020-07-18 08:33:43 -04,1422,12.8,77,979,183,1.44000,225.00000,21.51380
2020-07-18 08:34:07 -04,1423,12.8,77,979,186,0.96000,90.00000,23.19020
2020-07-18 08:34:31 -04,1424,12.8,77,979,184,0.96000,315.00000,23.19020
2020-07-18 08:34:54 -04,1425,12.8,77,979,183,0.48000,45.00000,23.19020
2020-07-18 08:35:18 -04,1426,12.8,77,979,187,1.92000,45.00000,23.19020
2020-07-18 08:35:42 -04,1427,12.8,77,979,194,1.44000,180.00000,23.19020
2020-07-18 08:36:07 -04,1428,12.8,77,979,198,0.96000,0.00000,23.19020
2020-07-18 08:36:31 -04,1429,12.8,77,979,201,1.44000,0.00000,23.19020
2020-07-18 08:36:55 -04,1430,12.8,77,979,204,0.48000,45.00000,23.19020
2020-07-18 08:37:20 -04,1431,12.8,77,979,205,0.48000,135.00000,23.19020
2020-07-18 08:37:44 -04,1432,12.8,77,979,204,0.48000,315.00000,23.19020
2020-07-18 08:38:08 -04,1433,12.8,77,979,202,1.44000,180.00000,23.19020
2020-07-18 08:38:32 -04,1434,12.7,77,979,200,2.40000,0.00000,23.19020
2020-07-18 08:38:56 -04,1435,12.7,77,979,203,2.40000,45.00000,23.19020
2020-07-18 08:39:21 -04,1436,12.8,77,979,207,1.92000,90.00000,23.19020
2020-07-18 08:39:45 -04,1437,12.8,77,979,212,0.96000,135.00000,23.19020
2020-07-18 08:40:09 -04,1438,12.7,77,979,217,0.96000,135.00000,23.19020
2020-07-18 08:40:33 -04,1439,12.8,77,979,224,1.44000,45.00000,23.19020
2020-07-18 08:40:57 -04,1440,12.8,77,979,227,1.92000,315.00000,23.19020
2020-07-18 08:41:21 -04,1441,12.8,77,979,227,1.92000,135.00000,23.19020
2020-07-18 08:41:46 -04,1442,12.8,77,979,227,0.96000,0.00000,23.19020
2020-07-18 08:42:09 -04,1443,12.8,77,979,228,0.96000,45.00000,23.19020
2020-07-18 08:42:33 -04,1444,12.8,77,979,233,0.48000,180.00000,23.19020
2020-07-18 08:42:57 -04,1445,12.8,78,979,238,0.96000,90.00000,23.19020
2020-07-18 08:43:21 -04,1446,12.8,77,979,250,0.96000,180.00000,23.19020
2020-07-18 08:43:45 -04,1447,12.8,77,979,262,2.40000,0.00000,23.19020
2020-07-18 08:44:09 -04,1448,12.8,77,979,276,1.92000,90.00000,23.19020
2020-07-18 08:44:34 -04,1449,12.8,77,979,289,2.88000,180.00000,23.19020
2020-07-18 08:44:58 -04,1450,12.8,77,979,302,1.92000,225.00000,23.19020
2020-07-18 08:45:22 -04,1451,12.8,77,979,320,2.88000,180.00000,23.19020
2020-07-18 08:45:45 -04,1452,12.8,77,979,324,0.00000,225.00000,23.19020
2020-07-18 08:46:09 -04,1453,12.8,77,979,322,0.00000,90.00000,23.19020
2020-07-18 08:46:33 -04,1454,12.8,77,979,324,0.48000,90.00000,23.19020
2020-07-18 08:46:57 -04,1455,12.8,77,979,329,0.48000,135.00000,23.19020
2020-07-18 08:47:21 -04,1456,12.8,77,979,330,0.96000,225.00000,23.19020
2020-07-18 08:47:45 -04,1457,12.8,77,979,322,1.44000,90.00000,23.19020
2020-07-18 08:48:10 -04,1458,12.8,77,979,311,0.96000,180.00000,23.19020
2020-07-18 08:48:34 -04,1459,12.8,77,979,302,0.96000,225.00000,23.19020
2020-07-18 08:48:58 -04,1460,12.8,77,979,304,0.96000,270.00000,23.19020
2020-07-18 08:49:22 -04,1461,12.8,77,979,312,1.44000,225.00000,23.19020
2020-07-18 08:49:45 -04,1462,12.8,77,979,318,1.44000,90.00000,23.19020
2020-07-18 08:50:09 -04,1463,12.8,77,979,326,0.96000,45.00000,23.19020
2020-07-18 08:50:33 -04,1464,12.9,77,979,335,1.44000,45.00000,23.19020
2020-07-18 08:50:57 -04,1465,12.9,77,979,337,0.48000,90.00000,23.19020
2020-07-18 08:51:22 -04,1466,12.9,78,979,330,2.40000,45.00000,23.19020
2020-07-18 08:51:46 -04,1467,12.9,78,979,317,0.96000,180.00000,23.19020
2020-07-18 08:52:10 -04,1468,12.9,78,979,307,0.48000,90.00000,23.19020
2020-07-18 08:52:34 -04,1469,12.9,78,979,304,0.48000,0.00000,23.19020
2020-07-18 08:52:57 -04,1470,12.9,78,979,305,0.48000,135.00000,23.19020
2020-07-18 08:53:22 -04,1471,12.9,78,979,316,1.92000,135.00000,23.19020
2020-07-18 08:53:46 -04,1472,12.9,77,979,332,0.96000,90.00000,23.19020
2020-07-18 08:54:10 -04,1473,12.9,78,979,335,1.44000,135.00000,23.19020
2020-07-18 08:54:34 -04,1474,12.9,77,979,326,2.40000,135.00000,23.19020
2020-07-18 08:54:58 -04,1475,12.9,77,979,316,0.96000,315.00000,23.19020
2020-07-18 08:55:22 -04,1476,12.9,77,979,302,0.96000,180.00000,23.19020
2020-07-18 08:55:46 -04,1477,12.9,77,979,308,0.96000,180.00000,23.19020
2020-07-18 08:56:10 -04,1478,12.9,77,979,320,2.88000,135.00000,23.19020
2020-07-18 08:56:34 -04,1479,12.9,78,979,336,1.44000,90.00000,23.19020
2020-07-18 08:56:58 -04,1480,12.9,78,979,349,0.48000,90.00000,23.19020
2020-07-18 08:57:22 -04,1481,12.9,77,979,361,0.96000,180.00000,23.19020
2020-07-18 08:57:46 -04,1482,12.9,78,979,373,0.00000,180.00000,23.19020
2020-07-18 08:58:10 -04,1483,13.0,77,979,377,0.00000,135.00000,23.19020
2020-07-18 08:58:34 -04,1484,12.9,77,979,377,1.44000,315.00000,23.19020
2020-07-18 08:58:57 -04,1485,12.9,78,979,361,0.96000,45.00000,23.19020
2020-07-18 08:59:21 -04,1486,13.0,77,979,333,2.40000,135.00000,23.19020
2020-07-18 08:59:45 -04,1487,13.0,77,979,314,0.96000,135.00000,23.19020
2020-07-18 09:00:09 -04,1488,13.0,77,979,312,1.44000,90.00000,23.19020
2020-07-18 09:00:33 -04,1489,13.0,77,979,304,0.00000,90.00000,23.19020
2020-07-18 09:00:57 -04,1490,13.0,78,979,293,0.48000,225.00000,23.19020
2020-07-18 09:01:21 -04,1491,13.0,77,979,278,0.00000,0.00000,23.19020
2020-07-18 09:01:45 -04,1492,13.0,77,979,278,1.92000,90.00000,23.19020
2020-07-18 09:02:12 -04,1493,13.0,77,979,296,0.48000,135.00000,23.19020
2020-07-18 09:02:32 -04,1494,13.0,77,979,322,0.48000,180.00000,23.19020
2020-07-18 09:02:50 -04,1495,13.0,77,979,343,0.48000,270.00000,23.19020
2020-07-18 09:03:14 -04,1496,13.0,78,979,350,0.48000,135.00000,23.19020
2020-07-18 09:03:38 -04,1497,13.0,77,979,356,1.44000,135.00000,23.19020
2020-07-18 09:04:02 -04,1498,13.0,77,979,355,0.00000,45.00000,23.19020
2020-07-18 09:04:28 -04,1499,13.0,77,979,360,1.44000,225.00000,23.19020
